SMILES,LIBRARY,NAME
Clc1cc(Nc2ncnc3c2cc(cc3)-c2oc(cc2)CNCCS(=O)(=O)C)ccc1OCc1cc(F)ccc1,FDA,Lapatinib
O=C1C[C@H](O)[C@@H](\C=C\[C@H](O)C[C@@H](CCCC)C)[C@@H]1CCCC\C=C\C(O)=O,FDA,Limaprost
o1c(ccc1[N+](=O)[O-])\C=N/N1CC(=O)NC1=O,FDA,Nitrofurantoin
Clc1cc(Cl)ccc1Oc1ccc(Cl)cc1O,FDA,Triclosan
Fc1ccc(cc1)[C@@]1(OCc2cc(ccc12)C#N)CCCN(C)C,FDA,Escitalopram
OC1=C2[C@H]([C@H](O)[C@@H]3[C@@]1(O)C(=O)C(C(=O)N)C(=O)[C@H]3N(C)C)C(c1c(C2=O)c(O)ccc1)=C,FDA,Methacycline
Fc1cc2onc(c2cc1)C1CCN(CC1)CCC=1C(=O)N2C(=NC=1C)CCCC2,FDA,Risperidone
O(C(=O)[C@@H](CC1(CCCC1)C(=O)NC1CCC(CC1)C(O)=O)COCCOC)c1cc2CCCc2cc1,FDA,Candoxatril
O1c2c3c4c(c(O)c2C)c(O)c(NC(=O)C(=CC=C[C@H](C)[C@H](O)[C@@H](C)[C@@H](O)[C@@H](C)[C@H](OC(=O)C)[C@H](C)[C@@H](OC)C=CO[C@]1(C)C3=O)C)c1n2c(nc14)C=C(C=C2)C,FDA,Rifaximin
O(C(=O)C(C)C)c1ccc(cc1[C@H](CCN(C(C)C)C(C)C)c1ccccc1)CO,FDA,Fesoterodine
O=C([C@H](CN1CCCCC1)C)c1ccc(cc1)CC,FDA,Eperisone
[nH]1nc(nn1)-c1ccccc1-c1ncc(cc1)Cn1nc(nc1CCCC)CCCC,FDA,Forasartan
s1cccc1C[C@H](NC(=O)CNC(=O)C1N(C[C@H](O)C1)C(=O)C1N(CCC1)C(=O)C(NC(=O)[C@H](N)CCC\N=C(\N)/N)CCC\N=C(\N)/N)C(=O)N[C@H](C(=O)N1Cc2c(CC1C(=O)N1[C@@H]3[C@H](CC1C(=O)N[C@@H](CCC\N=C(\N)/N)C(O)=O)CCCC3)cccc2)CO,FDA,Icatibant
OC(=O)[C@@H](N)CC(C)C,FDA,L-Leucine
F[C@@]12[C@H]([C@@H]3C[C@@H](C)[C@](O)(C(=O)CO)[C@]3(C[C@@H]1O)C)CCC1=CC(=O)C=C[C@@]12C,FDA,Dexamethasone
O1CCc2c([nH]c3c2cccc3CC)[C@@]1(CC(O)=O)CC,FDA,Etodolac
s1cccc1C1OC[C@H]2O[C@@H](O[C@H]3[C@@H]4[C@@H]([C@@H](c5c3cc3OCOc3c5)c3cc(OC)c(O)c(OC)c3)C(OC4)=O)[C@H](O)[C@@H](O)[C@@H]2O1,FDA,Teniposide
O1C[C@@]1(C(=O)[C@@H](NC(=O)[C@@H](NC(=O)[C@@H](NC(=O)[C@@H](NC(=O)CN1CCOCC1)CCc1ccccc1)CC(C)C)Cc1ccccc1)CC(C)C)C,FDA,Carfilzomib
s1c(nnc1NS(=O)(=O)c1ccc(N)cc1)C,FDA,Sulfamethizole
Clc1cc(Oc2c3cc(C(O)=N)c(OC)cc3ncc2)ccc1N/C(/O)=N/C1CC1,FDA,Lenvatinib
Clc1ccc(cc1)C(=O)n1c2c(cc(OC)cc2)c(CC(O)=O)c1C,FDA,Indomethacin
O(C(=O)C1(CCCCC1)C1CCCCC1)CCN(CC)CC,FDA,Dicyclomine
O(C[C@@H](O)CNC(C)(C)C)c1c2CCC(=O)Nc2ccc1,FDA,Carteolol
S(O)(=O)(=O)NC1C(OS(O)(=O)=O)C(OC2OC(C(O)=O)C(O)C(O)C2OS(O)(=O)=O)C(OC1OC1C(O)C(OS(O)(=O)=O)C(OC1C(O)=O)OC1C(O)C(NC(=O)C)C(OC1COS(O)(=O)=O)O)CO,FDA,Ardeparin
Clc1cc\2c(Sc3c(cccc3)/C/2=C\CCN(C)C)cc1,FDA,Chlorprothixene
S1c2c(N(c3c1cccc3)CCCN(C)C)cccc2,FDA,Promazine
O=C1N(N(C)C(=C1)C)c1ccccc1,FDA,Antipyrine
Fc1c2N(C=C(C(O)=O)C(=O)c2cc(F)c1N1C[C@@H](NCC1)C)CC,FDA,Lomefloxacin
O=C1NCNC(=O)C1(CC)c1ccccc1,FDA,Primidone
O[C@H]1[C@@H](C(NC(=O)C)C(CC)CC)[C@H](\N=C(\N)/N)C[C@@H]1C(O)=O,FDA,Peramivir
O(C[C@@H](OC(=O)c1ccccc1)CNC(C)(C)C)c1c2cc([nH]c2ccc1)C,FDA,Bopindolol
Clc1cc2N(c3c(Sc2cc1)cccc3)CCCN(C)C,FDA,Chlorpromazine
S(O)(=O)(=O)c1cc2c(cc1C(C)C)CC[C@H]1[C@@](CCC[C@@]12C)(C(O)=O)C,FDA,Ecabet
O(C(=O)c1ccccc1O)c1ccccc1C(O)=O,FDA,Salsalate
O1[C@@H](CC)[C@@]2(OC(=O)N([C@@H]2[C@@H](C)C(=O)[C@@H](C[C@](OC)(C)[C@H](O[C@@H]2O[C@@H](C[C@H](N(C)C)[C@H]2O)C)[C@@H](C)C(=O)[C@@H](C)C1=O)C)CCCCn1cc(nc1)-c1cccnc1)C,FDA,Telithromycin
O=C1NC(=O)CC[C@@]1(CC)c1ccccc1,FDA,Glutethimide
s1c(c(nc1C(C)(C)C)-c1cccc(NS(=O)(=O)c2c(F)cccc2F)c1F)-c1nc(ncc1)N,FDA,Dabrafenib
O=C1N(C)C(=O)N(c2ncn(c12)C)C,FDA,Caffeine
N([C@H](Cc1ccccc1)C)(Cc1ccccc1)C,FDA,Benzphetamine
S1[C@H]2N(C(C(O)=O)=C(C1)CSc1nnnn1C)C(=O)[C@H]2NC(=O)[C@H](O)c1ccccc1,FDA,Cefamandole
S1[C@H]2N([C@@H](C(O)=O)C1(C)C)C(=O)[C@H]2NC(=O)Cc1ccccc1,FDA,Benzylpenicillin
s1ccnc1NS(=O)(=O)c1ccc(N)cc1,FDA,Sulfathiazole
OC(=O)CCCO,FDA,Gamma Hydroxybutyric Acid
OCC(NC(=O)[C@H]1C=C2[C@@H](N(C1)C)Cc1c3c2cccc3n(c1)C)CC,FDA,Methysergide
Clc1ccc(cc1)[C@@H]1S(=O)(=O)CCC(=O)N1C,FDA,Chlormezanone
FC(F)(F)c1cc(NC(=O)c2cc(C#Cc3n4N=CC=Cc4nc3)c(cc2)C)ccc1CN1CCN(CC1)C,FDA,Ponatinib
S(O)(=O)(=O)CCNC(=O)CC[C@@H](C)C1CC[C@H]2[C@H]3[C@H](CC[C@]12C)[C@@]1([C@@H](C[C@H](O)CC1)C[C@@H]3O)C,FDA,Tauroursodeoxycholic acid
O1c2c(C=CC1=O)cc1c(occ1)c2OC,FDA,Methoxsalen
O=C1c2c(cccc2)C(=O)C1c1ccccc1,FDA,Phenindione
O=C1NC(=O)N=C2N(c3cc(C)c(cc3N=C12)C)C[C@H](O)[C@H](O)[C@H](O)CO,FDA,Riboflavin
O=C(NO)N,FDA,Hydroxyurea
S(=O)(=O)(NC(=O)C)c1ccc(N)cc1,FDA,Sulfacetamide
Fc1cc(F)ccc1CNC(=O)C1=CN2C(=C(O)C1=O)C(=O)N1[C@@H](OCC[C@H]1C)C2,FDA,Dolutegravir
S1SCC(NC(=O)C(NC(=O)C(NC(=O)C(NC(=O)C(NC(=O)C(NC(=O)C(N)Cc2ccccc2)C1)Cc1ccc(O)cc1)Cc1c2c([nH]c1)cccc2)CCCCN)C(C)C)C(=O)NC(Cc1[nH]c2c(c1)cccc2)C(=O)N,FDA,Vapreotide
O(C(=O)C)[C@]1(CC[C@H]2[C@H]3[C@@H]([C@@H]4C(=C/C(=N/O)/CC4)CC3)CC[C@]12CC)C#C,FDA,Norgestimate
[N+](CCCCCCCCCC[N+](C)(C)C)(C)(C)C,FDA,Decamethonium
s1c2c(ccc(O)c2)c(C(=O)c2ccc(OCCN3CCCCC3)cc2)c1-c1ccc(O)cc1,FDA,Raloxifene
Oc1cc(ccc1O)C[C@H](N)C(O)=O,FDA,Levodopa
Oc1ccc(cc1)CCN[C@H]([C@H](O)c1ccc(O)cc1)C,FDA,Ritodrine
Clc1cc(N2CCN(CC2)CCCN2N=C(N(CC)C2=O)CC)ccc1,FDA,Etoperidone
Oc1ccc(cc1C(=O)N)C(O)CNC(CCc1ccccc1)C,FDA,Labetalol
s1cc(nc1N)/C(=N/OC)/C(=O)N[C@H]1[C@H]2SCC(COC)=C(N2C1=O)C(O)=O,FDA,Cefpodoxime
O(CCCN(C)C)c1nn(c2c1cccc2)Cc1ccccc1,FDA,Benzydamine
Ic1cc(ccc1)C\N=C(\N)/N,FDA,Iobenguane
O1[C@@]2([C@H]([C@H]3[C@H](CC2)[C@@]2(C(=CC(=O)C=C2)CC3)C)CCC1=O)C,FDA,Testolactone
O(C(=O)C(O)(c1ccccc1)c1ccccc1)C1CC2[N+]3(C(C1)CC2)CCCC3,FDA,Trospium
NC(Cc1ccccc1)(C)C,FDA,Phentermine
O1CCC[C@H]1C(=O)NCCCN(C)c1nc(N)c2cc(OC)c(OC)cc2n1,FDA,Alfuzosin
s1cc(nc1-c1nc2c(ccc(OC)c2C)c(OC2C[C@H]3[C@H](C2)C(=O)N[C@@]2([C@@H](C2)C=CCCCCN(C)C3=O)C(=O)NS(=O)(=O)C2CC2)c1)C(C)C,FDA,Simeprevir
O(CC)c1cc(N)c([N+](=O)[O-])cc1C(=O)NC1CCN(CC1)C[C@H]1CCC=CC1,FDA,Cinitapride
Clc1ccc(cc1OC[C@@H](O)CNC(C)(C)C)C,FDA,Bupranolol
Oc1cc(ccc1)[C@@H]([C@H](CN(C)C)C)CC,FDA,Tapentadol
Clc1ccccc1C1=NCC(=O)Nc2c1cc([N+](=O)[O-])cc2,FDA,Clonazepam
O=C(C(C)C)c1c2n(nc1C(C)C)C=CC=C2,FDA,Ibudilast
Clc1ccc(OC(C(OCC)=O)(C)C)cc1,FDA,Clofibrate
P(OCN1C(=O)C(NC1=O)(c1ccccc1)c1ccccc1)(O)(O)=O,FDA,Fosphenytoin
n1c2c(c3n(cnc3c1N)CC(C)C)cccc2,FDA,Imiquimod
O=C1CCC2=C3[C@H]([C@@H]4CC[C@](OC(=O)C)(C(=O)C)[C@]4(C[C@@H]3c3ccc(N(C)C)cc3)C)CCC2=C1,FDA,Ulipristal
O1[C@H](CO)[C@@H](O)[C@@H](O)[C@@H]1N1C=NC(=NC1=O)N,FDA,Azacitidine
O(C(=O)C1(CCN(CC1)CCC(C#N)(c1ccccc1)c1ccccc1)c1ccccc1)CC,FDA,Diphenoxylate
O[C@H]([C@H](N)C)c1ccccc1,FDA,Phenylpropanolamine
O1c2c(cc3c(N(CC)C(=CC3=O)C(O)=O)c2CCC)C(=O)C=C1C(O)=O,FDA,Nedocromil
O(C)c1cc(O)c(cc1)C(=O)c1ccccc1,FDA,Oxybenzone
S(c1n(cnc1[N+](=O)[O-])C)c1ncnc2nc[nH]c12,FDA,Azathioprine
Fc1ccc(cc1)-c1n(CCC(O)CC(O)CC(O)=O)c(C(C)C)c(C(=O)Nc2ccccc2)c1-c1ccccc1,FDA,Atorvastatin
O1[C@@H](CC)[C@@](O)(C)[C@@H](O)[C@H](C)C(=O)[C@H](C[C@@](OC)(C)[C@@H](O[C@H]2O[C@H](C[C@@H](N(C)C)[C@@H]2O)C)[C@H](C)[C@@H](O[C@H]2O[C@H](C)[C@@H](O)[C@@](OC)(C2)C)[C@H](C)C1=O)C,FDA,Clarithromycin
S1[C@H]2N([C@@H](C(O)=O)C1(C)C)C(=O)[C@H]2NC(=O)[C@H](N)c1ccc(O)cc1,FDA,Amoxicillin
O=C1NC(=O)NC(=O)C1(CCCC)CC,FDA,Butethal
Clc1ccc(cc1)[C@@H](N1CCN(CC1)Cc1ccc(cc1)C(C)(C)C)c1ccccc1,FDA,Buclizine
O(C(=O)C=1[C@H](C(C(OC)=O)=C(NC=1C)C)c1ccccc1[N+](=O)[O-])CC(C)C,FDA,Nisoldipine
s1cc(nc1N)CC(=O)Nc1ccc(cc1)CCNC[C@H](O)c1ccccc1,FDA,Mirabegron
Clc1cc(N2CCN(CC2)CCc2n[nH]c(c2)C)ccc1,FDA,Mepiprazole
O(CC[N+](C)(C)C)C([O-])=N,FDA,Carbachol
S(CC[C@H](NC(=O)[C@@H](NC(=O)[C@@H](N)CC(O)=O)Cc1ccc(OS(O)(=O)=O)cc1)C(=O)NCC(=O)N[C@@H](Cc1c2c([nH]c1)cccc2)C(=O)N[C@@H](CCSC)C(=O)N[C@@H](CC(O)=O)C(=O)N[C@@H](Cc1ccccc1)C(=O)N)C,FDA,Sincalide
SC([C@H](N)C(O)=O)(C)C,FDA,Penicillamine
O=C(N(C1CCN(CC1)CCc1ccccc1)c1ccccc1)CC,FDA,Fentanyl
[nH]1c2c(ncnc2N)nc1,FDA,Adenine
Clc1ccccc1[C@H](N1CCc2sccc2C1)C(OC)=O,FDA,Clopidogrel
O(C(=O)c1ccc(N)cc1)CC,FDA,Benzocaine
O(C)c1cc2N([C@@H]3[C@@]4([C@H]5N(CC=C[C@@]5(CC)[C@@H](O)[C@]3(O)C(=O)N)CC4)c2cc1[C@@]1(c2[nH]c3c(c2CCN2C[C@@](O)(C[C@H](C1)C2)CC)cccc3)C(OC)=O)C,FDA,Vindesine
Oc1ccccc1C(O)=O,FDA,Salicylic acid
O[C@H]([C@@H](NC)C)c1ccccc1,FDA,Pseudoephedrine
FC(F)(F)[C@H](F)OC(F)F,FDA,Desflurane
O1[C@H]([C@@H](O)CO)C(O)=C(O)C1=O,FDA,Vitamin C
N[C@H](Cc1ccccc1)C,FDA,Amphetamine
F[C@@]12[C@H]([C@@H]3C[C@H]4OC(O[C@@]4(C(=O)COC(=O)C)[C@]3(C[C@@H]1O)C)(C)C)C[C@H](F)C1=CC(=O)C=C[C@@]12C,FDA,Fluocinonide
S1[C@H]2N(C(C(O)=O)=C(C1)CSc1nnnn1CS(O)(=O)=O)C(=O)[C@H]2NC(=O)[C@H](O)c1ccccc1,FDA,Cefonicid
ClCC\C(=C(\c1ccc(OCCO)cc1)/c1ccccc1)\c1ccccc1,FDA,Ospemifene
O1[C@@H]2[C@]34[C@H]([C@H](N(CC3)C)Cc3c4c1c(O)cc3)C=C[C@@H]2O,FDA,Morphine
Clc1cc2NC(Oc2cc1)=O,FDA,Chlorzoxazone
O1[C@H](CO)[C@@H](O)[C@H](N)[C@@H](O)[C@H]1O[C@@H]1[C@@H](O)[C@H](O[C@H]2O[C@H](CN)[C@@H](O)C[C@H]2N)[C@@H](N)C[C@H]1N,FDA,Tobramycin
O[C@H]1[C@H](O)[C@@H](O)CN(CCCC)[C@@H]1CO,FDA,Miglustat
O[C@H]1C[C@H](O)C\C(=C\C=C/2\[C@@H]3CC[C@H]([C@@H](CCCC(O)(C)C)C)[C@]3(CCC\2)C)\C1=C,FDA,Calcitriol
Oc1cc2CC=C3[C@@H]4CCC(=O)[C@]4(CC[C@@H]3c2cc1)C,FDA,Equilin
S1c2c(N(CCN(C)C)C(=O)[C@H](OC(=O)C)[C@@H]1c1ccc(OC)cc1)cccc2,FDA,Diltiazem
Fc1cc2c(nc1N1CCNCC1)N(C=C(C(O)=O)C2=O)CC,FDA,Enoxacin
S(O)(=O)(=O)CCCNC(=O)C,FDA,Acamprosate
Clc1cc(Cl)ccc1CO\N=C(\Cn1ccnc1)/c1ccc(Cl)cc1Cl,FDA,Oxiconazole
Oc1ccc(cc1)CC(NC(=O)C(NC(=O)C(NC(=O)C(NC(=O)C1NC(=O)CC1)Cc1[nH]cnc1)Cc1c2c([nH]c1)cccc2)CO)C(=O)NCC(=O)NC(CC(C)C)C(=O)NC(CCC\N=C(\N)/N)C(=O)N1CCCC1C(=O)NCC(=O)N,FDA,Gonadorelin
O(C[C@@H](O)CNC(C)C)c1c2c(ccc1)cccc2,FDA,Propranolol
N(C)C1(C2CC(CC2)C1(C)C)C,FDA,Mecamylamine
F[C@@]12[C@H]([C@@H]3C[C@H](C)[C@](O)(C(=O)CO)[C@]3(C[C@@H]1O)C)C[C@H](F)C1=CC(=O)C=C[C@@]12C,FDA,Diflorasone
s1cccc1C(S[C@H](C(=O)NCC(O)=O)C)=O,FDA,Stepronin
s1c2c(cc1)\C(\c1c(CC2=O)cccc1)=C\1/CCN(CC/1)C,FDA,Ketotifen
Fc1ccc(cc1)C(CCCN1CCC2(N(CNC2=O)c2ccccc2)CC1)c1ccc(F)cc1,FDA,Fluspirilene
Clc1cc2c(CCNC[C@@H]2C)cc1,FDA,Lorcaserin
O([N+](=O)[O-])C[C@@H](O[N+](=O)[O-])[C@@H](O[N+](=O)[O-])CO[N+](=O)[O-],FDA,Erythrityl Tetranitrate
ClCCN(CCCl)C(Oc1cc2CC[C@H]3[C@@H]4CC[C@H](O)[C@]4(CC[C@@H]3c2cc1)C)=O,FDA,Estramustine
O1[C@@H](CO)[C@H](O)C[C@H]1N1C=C(C)C(=O)NC1=O,FDA,Telbivudine
Clc1cc2c(Oc3c(N=C2N2CCNCC2)cccc3)cc1,FDA,Amoxapine
O=C1N=CN=C2NNC=C12,FDA,Allopurinol
Clc1ccc(NC(=O)Nc2ccc(Oc3cc(ncc3)C(=O)NC)cc2F)cc1C(F)(F)F,FDA,Regorafenib
O(N=O)CCCCC,FDA,Amyl Nitrite
Oc1c([N+](=O)[O-])cc(cc1O)\C=C(\C(=O)N(CC)CC)/C#N,FDA,Entacapone
O1c2c(OC[C@H]1C(=O)N1CCN(CC1)c1nc(N)c3cc(OC)c(OC)cc3n1)cccc2,FDA,Doxazosin
Clc1cc2c(N(CCC#N)C(=O)[C@H](O)N=C2c2ccccc2F)cc1,FDA,Cinolazepam
N([C@H](Cc1ccccc1)C)CCC#N,FDA,Fenproporex
O=C1CC[C@@]2([C@@H]3[C@H]([C@@H]4CC[C@](O)(C(=O)COC(=O)C)[C@]4(CC3=O)C)CCC2=C1)C,FDA,Cortisone acetate
Clc1cc2NCNS(=O)(=O)c2cc1S(=O)(=O)N,FDA,Hydrochlorothiazide
S(=O)(=O)(c1ccc(NCS(O)=O)cc1)c1ccc(NCS(O)=O)cc1,FDA,Sulfoxone
Clc1cc(C(=O)NCCN(CC)CC)c(OC)cc1N,FDA,Metoclopramide
s1cccc1C(=O)c1ccc(cc1)[C@H](C(O)=O)C,FDA,Suprofen
S1SCCC(=O)N[C@@H](Cc2ccc(O)cc2)C(=O)N[C@@H](Cc2ccccc2)C(=O)N[C@@H](CCC(=O)N)C(=O)N[C@@H](CC(=O)N)C(=O)N[C@@H](C1)C(=O)N1CCC[C@H]1C(=O)N[C@@H](CCCNC(N)=N)C(=O)NCC(=O)N,FDA,Desmopressin
O=C(NC(=O)N)Cc1ccccc1,FDA,Phenacemide
O(CC(CCC)(COC(=O)N)C)C(=O)N,FDA,Meprobamate
S(=O)(=O)(N(CC(C)C)C[C@@H](O)[C@@H](NC(O[C@@H]1[C@H]2[C@@H](OC1)OCC2)=O)Cc1ccccc1)c1ccc(N)cc1,FDA,Darunavir
O(C(=O)[C@@H]([C@@H]1NCCCC1)c1ccccc1)C,FDA,Dexmethylphenidate
Clc1cccc(F)c1-c1noc(C)c1C(=O)N[C@H]1[C@H]2SC(C)(C)[C@@H](N2C1=O)C(O)=O,FDA,Flucloxacillin
ClCCN(N=O)C(=O)NC1CCCCC1,FDA,Lomustine
O1[C@H]2[C@@]13CC[C@H]1[C@@H]4CC[C@H](O)[C@]4(CC[C@@H]1[C@]3(CC(C#N)=C2O)C)C,FDA,Trilostane
FC(F)(F)c1cc(OC[C@H](O)\C=C\[C@@H]2[C@@H](C\C=C/CCCC(OC(C)C)=O)[C@@H](O)C[C@H]2O)ccc1,FDA,Travoprost
O(C)c1cc(ccc1OC)C1=NN=C(C)[C@H](c2c1cc(OC)c(OC)c2)CC,FDA,Tofisopam
O1[C@@H](C[C@@H](O)CC1=O)CC[C@@H]1[C@@H]2C(=C[C@@H](C[C@@H]2OC(=O)[C@H](CC)C)C)C=C[C@@H]1C,FDA,Lovastatin
FC(F)(F)c1cc(Nc2ccccc2C(OCCOCCO)=O)ccc1,FDA,Etofenamate
O=C1N(CCc2n(c3c(c12)cccc3)C)Cc1nc[nH]c1C,FDA,Alosetron
O=C1N(C)C(=O)NC(=O)[C@]1(C)C=1CCCCC=1,FDA,Hexobarbital
[O-][n+]1c(N)cc(nc1N)N1CCCCC1,FDA,Minoxidil
O1[C@@H](CN)[C@@H](O)[C@H](O)[C@@H](N)[C@H]1O[C@H]1[C@@H](O)[C@@H](O[C@@H]1CO)O[C@H]1[C@H](O[C@H]2O[C@H](CO)[C@@H](O)[C@H](O)[C@H]2N)[C@@H](N)C[C@@H](N)[C@@H]1O,FDA,Paromomycin
O(C)c1cc2N([C@@H]3[C@@]4([C@H]5N(CC=C[C@@]5(CC)[C@@H](OC(=O)C)[C@]3(O)C(OC)=O)CC4)c2cc1[C@@]1(c2[nH]c3c(c2CCN2C[C@@](O)(C[C@H](C1)C2)CC)cccc3)C(OC)=O)C=O,FDA,Vincristine
S1[C@H]2N([C@@H](C(OCOC(=O)C(C)(C)C)=O)C1(C)C)C(=O)[C@H]2\N=C\N1CCCCCC1,FDA,Pivmecillinam
Brc1c2nccnc2ccc1NC=1NCCN=1,FDA,Brimonidine
O1c2c(OC1)cc1c(c2)C(C(C(O)=O)C(CO)C1O)c1cc(OC)c(OC)c(OC)c1,FDA,Podophyllin
Clc1cc2c(cc1)\C(\c1ncccc1CC2)=C\1/CCN(CC/1)C(OCC)=O,FDA,Loratadine
S(c1ccc(cc1C)C)c1ccccc1N1CCNCC1,FDA,Vortioxetine
Clc1cc2c(N(C)C(=O)CN=C2c2ccccc2F)cc1,FDA,Fludiazepam
OC(=O)CN,FDA,Glycine
SC[C@H](N)C(O)=O,FDA,L-Cysteine
S1[C@@H]2N([C@H](C(O)=O)C1(C)C)C(=O)[C@@H]2NC(=O)[C@@H](NC(=O)N1CCNC1=O)c1ccccc1,FDA,Azlocillin
O(Cc1ccccc1)c1ccc(O)cc1,FDA,Monobenzone
O(C)c1cc(C)c(\C=C\C(=C\C=C\C(=C\C(O)=O)\C)\C)c(C)c1C,FDA,Acitretin
S1c2c(cccc2)C(=Nc2c1cccc2)N1CCN(CC1)CCOCCO,FDA,Quetiapine
S(=O)(=O)(NC(=O)NC1CCCCC1)c1ccc(cc1)CCNC(=O)c1ncc(nc1)C,FDA,Glipizide
O1[C@@H]2[C@H](CC(=O)CC3O[C@H]4[C@@H](O[C@H]5[C@H]6O[C@]7(O[C@@H]4[C@@H]5O[C@@H]6C7)CC[C@@H]4O[C@@H](CC[C@@H]5O[C@H](C2)C(=C)[C@@H](C5)C)C(C4)=C)CC3)[C@@H](OC)[C@H]1C[C@H](O)CN,FDA,Eribulin
S(OCCCCCCCCCCCCCC)(O)(=O)=O,FDA,Sodium Tetradecyl Sulfate
O1c2cc(ccc2OC1)[C@H]1N2[C@H](Cc3c1[nH]c1c3cccc1)C(=O)N(CC2=O)C,FDA,Tadalafil
O=C1[C@@]23C=C(C)[C@H](OC(=O)\C(=C/C)\C)[C@@]2(O)[C@H](O)C(=C[C@H]1[C@H]1[C@@H](C[C@H]3C)C1(C)C)CO,FDA,Ingenol mebutate 
O(CCCCc1nnnn1C1CCCCC1)c1cc2CCC(=O)Nc2cc1,FDA,Cilostazol
O(C(=O)C=1[C@H](C(C(OC)=O)=C(NC=1C)C)c1cc([N+](=O)[O-])ccc1)CCN(Cc1ccccc1)C,FDA,Nicardipine
P(OC[C@H](N)C(O)=O)(OC[C@H](OC(=O)CCC)COC(=O)CC)(O)=O,FDA,Phosphatidylserine
S(=O)(=O)(N1CCN(CC1)C)c1cc(C2=NC(=O)c3n(nc(c3N2)CCC)C)c(OCC)cc1,FDA,Sildenafil
s1cc(nc1SC=1CS[C@@H]2N(C=1C(=O)[O-])C(=O)[C@@H]2NC(=O)\C(=N\OCC)\c1nc(sn1)NP(O)(O)=O)-c1cc[n+](cc1)C,FDA,Ceftaroline fosamil
OC(=O)CC[C@H](NC(=O)c1ccc(N(Cc2nc3c(nc(nc3N)N)nc2)C)cc1)C(O)=O,FDA,Methotrexate
F[C@@]12[C@H]([C@@H]3CC[C@@](O)(C)[C@]3(C[C@@H]1O)C)CCC1=CC(=O)CC[C@@]12C,FDA,Fluoxymesterone
Cl[C@@]12[C@H]([C@@H]3C[C@@H](C)[C@](O)(C(=O)CCl)[C@]3(C[C@@H]1O)C)CCC1=CC(=O)C=C[C@@]12C,FDA,Mometasone
S1c2c(N(c3c1cccc3)CCCN1CCN(CC1)C)cc(cc2)C(F)(F)F,FDA,Trifluoperazine
Clc1cc2N(C(=O)CC(=O)N(c2cc1)C)c1ccccc1,FDA,Clobazam
S1[C@@H](Cc2ccc(OCCN(C)c3ncccc3)cc2)C(=O)NC1=O,FDA,Rosiglitazone
SC[C@H](NC(=O)C)C(O)=O,FDA,Acetylcysteine
O1[C@H](CN)[C@@H](O)[C@H](O)[C@@H](O)[C@H]1O[C@H]1[C@H](O)[C@@H](O[C@H]2O[C@H](CO)[C@@H](O)[C@H](N)[C@H]2O)[C@H](N)C[C@@H]1N,FDA,Kanamycin
O1Cc2c(c(O)c(C\C=C(\CCC(OCCN3CCOCC3)=O)/C)c(OC)c2C)C1=O,FDA,Mycophenolate mofetil
Clc1ccc(cc1Cc1ccc(O[C@H]2CCOC2)cc1)[C@@H]1O[C@H](CO)[C@@H](O)[C@H](O)[C@H]1O,FDA,Empagliflozin
Oc1cc(ccc1O)[C@@H](O)CN,FDA,Norepinephrine
n1cn(nc1)C(c1ccc(cc1)C#N)c1ccc(cc1)C#N,FDA,Letrozole
Oc1cc(ccc1O)C[C@](NN)(C(O)=O)C,FDA,Carbidopa
O1[C@@]2(CCC1=O)CC[C@H]1[C@H]3[C@@]4(O[C@@H]4C[C@@]12C)[C@@]1(C(=CC(=O)CC1)C[C@H]3C(OC)=O)C,FDA,Eplerenone
O=C(N[C@@H](CC(=O)N)C(=O)N[C@H]([C@H](O)CN1CC2C(C[C@H]1C(=O)NC(C)(C)C)CCCC2)Cc1ccccc1)c1nc2c(cc1)cccc2,FDA,Saquinavir
Fc1ccccc1Cn1nc(c2cccnc12)-c1nc(N)c(N(C(OC)=O)C)c(n1)N,FDA,Riociguat 
S(O[C@@H]1[C@@H](OS(O)(=O)=O)[C@@H](OC[C@H]1O[C@@H]1OC[C@@H](O)[C@H](OS(O)(=O)=O)[C@H]1OS(O)(=O)=O)O)(O)(=O)=O,FDA,Pentosan Polysulfate
O=C(Nc1c(cccc1C)C)[C@H]1N(CCCC1)CCC,FDA,Ropivacaine
S(=O)(=O)(N)c1ccc(N)cc1,FDA,Sulfanilamide
S(CC(O[C@@H]1C[C@](C=C)(C)[C@@H](O)[C@@H]([C@]23[C@H]([C@@]1(C)[C@@H](CC2)C)C(=O)CC3)C)=O)C1C[C@@H]2N([C@H](C1)CC2)C,FDA,Retapamulin
O1[C@H](CO)[C@@H](O)[C@H](O)[C@@H](NC(=O)N(N=O)C)[C@H]1O,FDA,Streptozocin
Clc1cccc(C)c1NC(=O)c1sc(nc1)Nc1nc(nc(N2CCN(CC2)CCO)c1)C,FDA,Dasatinib
O=C1NC(=O)CC[C@@H]1N1Cc2c(cccc2N)C1=O,FDA,Lenalidomide
O=C1C[C@@H](O)[C@H](\C=C\[C@@H](O)CCCCC)[C@H]1C\C=C/CCCC(O)=O,FDA,Dinoprostone
Clc1c2[C@@H]3NC(=O)[C@H](NC(=O)[C@H](NC)c4cc(Oc(cc1O)c2)c(O)cc4)Cc1ccc(Oc2cc4[C@@H](NC3=O)C(=O)N[C@@H]3c5cc(-c6c(cc(O)cc6O[C@H]6O[C@H](CO)[C@@H](O)[C@H](O)[C@@H]6O)C(NC(=O)[C@@H](NC3=O)[C@H](O)c3cc(Cl)c(Oc(c4)c2O[C@@H]2O[C@H](C(O)=O)[C@@H](O)[C@H](O)[C@H]2NC(=O)CCCCCCCCC(C)C)cc3)C(=O)NCCCN(C)C)c(O)cc5)cc1,FDA,Dalbavancin
O(Cc1ccccc1)c1ccc(cc1)C[C@@H]1N=C(O)[C@@H](N=C(O)[C@H](N=C(O)[C@@H](N=C(O)[C@H]2N(C[C@H](O\C(\O)=N\CCN)C2)C(=O)[C@@H](N=C1O)Cc1ccccc1)c1ccccc1)Cc1c2c([nH]c1)cccc2)CCCCN,FDA,Pasireotide diaspartate
OC(=O)\C=C(/C=C/C=C(\C=C\C=1C(CCCC=1C)(C)C)/C)\C,FDA,Isotretinoin
O1C2(c3c(cccc3)C1=O)c1c(Oc3c2ccc(O)c3)cc(O)cc1,FDA,Fluorescein
O(C(=O)C=1[C@H](C(C(OC)=O)=C(NC=1C)C)c1cc([N+](=O)[O-])ccc1)C(CN(CCC(c1ccccc1)c1ccccc1)C)(C)C,FDA,Lercanidipine
S1[C@@H](Cc2ccc(OCCc3ncc(cc3)CC)cc2)C(=O)NC1=O,FDA,Pioglitazone
Clc1ccc(cc1)[C@@H](N1CCN(CC1)Cc1cc(ccc1)C)c1ccccc1,FDA,Meclizine
Brc1c(nc(nc1Oc1c(cc(cc1C)C#N)C)Nc1ccc(cc1)C#N)N,FDA,Etravirine
S(P(=S)(OC)OC)[C@@H](CC(OCC)=O)C(OCC)=O,FDA,Malathion
S(=O)(=O)(CCc1cc2c([nH]cc2C[C@@H]2N(CCC2)C)cc1)c1ccccc1,FDA,Eletriptan
O(CCn1c2c(nc1N1CCCN(CC1)C)cccc2)CC,FDA,Emedastine
O[C@H]1CC(NC1)C(O)=O,FDA,Hydroxyproline
O1c2c([C@H]3[C@@H](CCC(=O)C3)C1(C)C)c(O)cc(c2)C(CCCCCC)(C)C,FDA,Nabilone
O=C1CCC2=C3[C@H]([C@@H]4CC[C@@](O)(C#CC)[C@]4(C[C@@H]3c3ccc(N(C)C)cc3)C)CCC2=C1,FDA,Mifepristone
O(C(=O)Nc1[nH]c2cc(ccc2n1)C(=O)c1ccccc1)C,FDA,Mebendazole
Ic1c(C(=O)N[C@@H]2[C@@H](O)[C@H](O)[C@H](OC2O)CO)c(I)c(NC(=O)C)c(I)c1N(C(=O)C)C,FDA,Metrizamide
O1[C@H]2[C@H]3N([C@@H]([C@@H]12)CC(OC(=O)[C@H](CO)c1ccccc1)C3)C,FDA,Scopolamine
O(C)c1cc2c(cc1)cccc2CCNC(=O)C,FDA,Agomelatine
N(CCCN1c2c(CCc3c1cccc3)cccc2)(C)C,FDA,Imipramine
Fc1cc2c3N(C=C(C(O)=O)C2=O)[C@H](COc3c1N1CCN(CC1)C)C,FDA,Levofloxacin
Fc1ccc(cc1)[C@@H]1N(CCO[C@@H]1O[C@H](C)c1cc(cc(c1)C(F)(F)F)C(F)(F)F)CC=1NC(=O)NN=1,FDA,Aprepitant
Clc1cc2NC(=O)N(c2cc1)C1CCN(CC1)CCCN1c2c(NC1=O)cccc2,FDA,Domperidone
S1c2c(N(c3c1cccc3)CCCN1CCC(O)CC1)cc(cc2)C#N,FDA,Propericiazine
O([C@H](c1ccccc1C)c1ccccc1)CCN(C)C,FDA,Orphenadrine
s1cnc(C)c1\C=C/C=1CS[C@H]2N(C=1C(O)=O)C(=O)[C@H]2NC(=O)\C(=N/OC)\c1nc(sc1)N,FDA,Cefditoren
OC(=O)[C@H](C)c1ccc(cc1)CC(C)C,FDA,Ibuprofen
O=C(NC(C)C)c1ccc(cc1)CNNC,FDA,Procarbazine
Clc1cc(c(nc1)-c1ccc(nc1)C)-c1ccc(S(=O)(=O)C)cc1,FDA,Etoricoxib
Clc1cc(Cl)ccc1[C@@H](OCc1ccsc1Cl)Cn1ccnc1,FDA,Tioconazole
O(CCCC(C(O)=O)(C)C)c1cc(ccc1C)C,FDA,Gemfibrozil
Fc1ccc(cc1)CNc1nc(N)c(NC(OCC)=O)cc1,FDA,Flupirtine
P(O)(O)(=O)[C@H]1O[C@H]1C,FDA,Fosfomycin
N1C=CC(=N)C=C1,FDA,Dalfampridine 
O=C(N)C(CC[N+](C(C)C)(C(C)C)C)(c1ccccc1)c1ccccc1,FDA,Isopropamide
O([C@H](CCNC)c1ccccc1)c1ccccc1C,FDA,Atomoxetine
O1[C@H]2[C@@H](CC(=O)CC3O[C@@H]4[C@H](O[C@@H]5[C@@H]6O[C@@]7(O[C@H]4[C@H]5O[C@H]6C7)CC[C@H]4O[C@H](CC[C@H]5O[C@@H](C2)C(=C)[C@H](C5)C)C(C4)=C)CC3)[C@H](OC)[C@@H]1C[C@@H](O)CN,FDA,Eribulin
S(Cc1nc[nH]c1C)CCN\C(=N\C)\NC#N,FDA,Cimetidine
ClCCN([C@H](COc1ccccc1)C)Cc1ccccc1,FDA,Phenoxybenzamine
O1c2c3c4c(c(O)c2C)C(=O)C(NC(=O)C(=CC=C[C@H](C)[C@H](O)[C@@H](C)[C@@H](O)[C@@H](C)[C@H](OC(=O)C)[C@H](C)[C@@H](OC)C=CO[C@]1(C)C3=O)C)=C1NC2(N=C14)CCN(CC2)CC(C)C,FDA,Rifabutin
S(=O)(=O)(Nc1noc(c1)C)c1ccc(N)cc1,FDA,Sulfamethoxazole
Fc1cc2onc(c2cc1)C1CCN(CC1)CCCOc1ccc(cc1OC)C(=O)C,FDA,Iloperidone
ClCCN(CCCl)c1ccc(cc1)CCCC(O)=O,FDA,Chlorambucil
S(=O)(=O)(NC(=O)c1cc(OC)c(cc1)Cc1c2cc(NC(OC3CCCC3)=O)ccc2n(c1)C)c1ccccc1C,FDA,Zafirlukast
O1C(C)C(C)C(O)C(C=CC=CCCC=CC=CC=CC=CC(OC2O[C@H](C)[C@@H](O)[C@H](N)[C@@H]2O)CC(O)C(C(O)=O)C(O)CC(=O)CC(O)C(O)CCC(O)CC(O)CC(O)CC1=O)C,FDA,Nystatin
O[C@H]1C[C@H]2[C@H]([C@@H]3CC[C@H]([C@@H](CCC(O)=O)C)[C@@]13C)[C@H](O)C[C@@H]1C[C@H](O)CC[C@@]12C,FDA,Cholic acid
S1c2c(N(c3c1cccc3)C[C@@H]1C3CCN(C1)CC3)cccc2,FDA,Mequitazine
O(C(CC)(C(O)=O)C)c1cc(ccc1)C1(CCCCC1)c1ccc(OC(CC)(C(O)=O)C)cc1,FDA,Clinofibrate
S1SCC(NC(=O)C(NC(=O)C(NC(=O)C(NC(=O)C(NC(=O)C(NC(=O)C(NC(=O)C(NC(=O)C(NC(=O)C(NC(=O)C(NC(=O)C(NC(=O)CNC(=O)C(N)C)C1)CCCCN)CC(=O)N)Cc1ccccc1)Cc1ccccc1)Cc1c2c([nH]c1)cccc2)CCCCN)C(O)C)Cc1ccccc1)C(O)C)CO)C(O)=O,FDA,Somatostatin
S(C(=O)[C@]1(OC(=O)c2occc2)[C@@]2([C@H]([C@@H]3C[C@H](F)C4=CC(=O)C=C[C@]4(C)[C@@]3(F)[C@@H](O)C2)C[C@H]1C)C)CF,FDA,Fluticasone furoate
O1[C@@]2([C@H](OC1CCC)C[C@H]1[C@H]3[C@@H]([C@@]4(C(=CC(=O)C=C4)CC3)C)[C@@H](O)C[C@@]12C)C(=O)CO,FDA,Budesonide
FC(F)(F)c1ccc(NC(=O)c2cnoc2C)cc1,FDA,Leflunomide
Oc1c2NC(=O)C=Cc2c(cc1)[C@@H](O)[C@@H](NC(C)C)CC,FDA,Procaterol
OC(=O)C[C@H](CC(C)C)CN,FDA,Pregabalin
Clc1cccc(Cl)c1O[C@@H](C)C=1NCCN=1,FDA,Lofexidine
Clc1cc2c(N=C(NC)C[N+]([O-])=C2c2ccccc2)cc1,FDA,Chlordiazepoxide
S1c2c(N(c3c1cccc3)CCCN1CCN(CC1)CCO)cc(cc2)C(=O)C,FDA,Acetophenazine
S(=O)(=O)(NC(=O)NN1C[C@H]2[C@H](CCC2)C1)c1ccc(cc1)C,FDA,Gliclazide
N([C@H](CC\C=C(\C)/C)C)C,FDA,Isometheptene
Oc1c([N+](=O)[O-])cc(cc1O)C(=O)c1ccc(cc1)C,FDA,Tolcapone
Clc1cc2N[C@@H](N(S(=O)(=O)c2cc1S(=O)(=O)N)C)CCl,FDA,Methyclothiazide
S1[C@H]2N([C@@H](C(O)=O)C1(C)C)C(=O)[C@H]2NC(=O)[C@H](NC(=O)N1CCN(CC)C(=O)C1=O)c1ccccc1,FDA,Piperacillin
OC(=O)CC1(CCCCC1)CN,FDA,Gabapentin
Oc1ccc(nc1CO)[C@@H](O)CNC(C)(C)C,FDA,Pirbuterol
S(=O)(Cc1nccc(OCCCOC)c1C)c1[nH]c2c(n1)cccc2,FDA,Rabeprazole
O=C1N=C(NC=2NCC(NC1=2)CNc1ccc(cc1)C(=O)N[C@@H](CCC(O)=O)C(O)=O)N,FDA,Tetrahydrofolic acid
OC(=O)C,FDA,Acetic acid
O=C1N=C(Nc2n(cnc12)[C@H]1C[C@H](O)[C@@H](CO)C1=C)N,FDA,Entecavir
S(=O)(=O)(CCN(CC)CC)[C@H]1C2N(CC1)C(=O)c1nc(oc1)CC(=O)C[C@H](O)C=C(C=CCNC(=O)C=C[C@@H](C)[C@H](OC2=O)C(C)C)C,FDA,Dalfopristin
O1[C@H](C)[C@H](NC(=O)C=2C3=Nc4c(OC3=C(C)C(=O)C=2N)c(ccc4C(=O)N[C@H]2[C@H](OC(=O)[C@@H](N(C)C(=O)CN(C)C(=O)[C@H]3N(CCC3)C(=O)[C@H](NC2=O)C(C)C)C(C)C)C)C)C(=O)N[C@H](C(C)C)C(=O)N2[C@@H](CCC2)C(=O)N(CC(=O)N(C)[C@@H](C(C)C)C1=O)C,FDA,Dactinomycin
Brc1cc(/C(/O)=N/CCN(CC)CC)c(OC)cc1N,FDA,Bromopride
s1c([N+](=O)[O-])cnc1NC(=O)c1ccccc1OC(=O)C,FDA,Nitazoxanide
O1C(C(C)C)C(=O)N(C)[C@@H](C(C)C)C(OC(C(C)C)C(=O)N(C)[C@@H](C(C)C)C(OC(C(C)C)C(=O)N(C)[C@@H](C(C)C)C1=O)=O)=O,FDA,Fusafungine
Clc1ccc(cc1)C[C@@H](NC(=O)[C@H](NC(=O)C)Cc1cc2c(cc1)cccc2)C(=O)N[C@H](Cc1cccnc1)C(=O)N[C@H](C(=O)N[C@@H](Cc1ccc(O)cc1)C(=O)N[C@H](CCCNC(=O)N)C(=O)N[C@@H](CC(C)C)C(=O)N[C@@H](CCCNC(N)=N)C(=O)N1CCC[C@H]1C(=O)N[C@@H](C(=O)N)C)CO,FDA,Cetrorelix
N(C[C@H](CC1c2c(CCc3c1cccc3)cccc2)C)(C)C,FDA,Butriptyline
S(=O)(=O)(NC(=O)NC1CCCCC1)c1ccc(cc1)CCN1C(=O)C(c2c(cc(OC)cc2)C1=O)(C)C,FDA,Gliquidone
SCCN,FDA,Cysteamine
O1C(COC(=O)c2c3n(Cc4ccc(cc4)-c4ccccc4C=4NC(ON=4)=O)c(OCC)nc3ccc2)=C(OC1=O)C,FDA,Azilsartan
S(=O)(=O)(Nc1n(ncc1)-c1ccccc1)c1ccc(N)cc1,FDA,Sulfaphenazole
Clc1cc(N2CCN(CC2)CCCN2N=C(N(CCOc3ccccc3)C2=O)CC)ccc1,FDA,Nefazodone
Brc1cc2c(NC(=O)CN=C2c2ncccc2)cc1,FDA,Bromazepam
Fc1cc2c(N(C=C(C(O)=O)C2=O)C2CC2)cc1N1CCNCC1,FDA,Ciprofloxacin
S(=O)(C)c1ccc(cc1)\C=C\1/c2c(cc(F)cc2)C(CC(O)=O)=C/1C,FDA,Sulindac
O=C(NO)C,FDA,Acetohydroxamic Acid
S(CC[C@H](NC(=O)[C@@H](NC(=O)CCNC(OCC(C)C)=O)Cc1c2c([nH]c1)cccc2)C(=O)N[C@@H](CC(O)=O)C(=O)N[C@@H](Cc1ccccc1)C(=O)N)C,FDA,Pentagastrin
Br[C@H](Cl)C(F)(F)F,FDA,Halothane
O=C(N[C@@H](C(C)(C)C)C(=O)NC)[C@@H]([C@H](O)C(=O)NO)CC(C)C,FDA,Marimastat
SC(C(S)C(O)=O)C(O)=O,FDA,Succimer
O(C(=O)C(O)c1ccccc1)C1CC2[N+](C(C1)CC2)(C)C,FDA,Homatropine Methylbromide
Oc1cc2CC[C@H]3[C@@H]4CC[C@@](O)(C#C)[C@]4(CC[C@@H]3c2cc1)C,FDA,Ethinyl Estradiol
O=C1CC[C@@H]2[C@@H]3[C@H]([C@@H]4CC[C@@](O)(C#C)[C@]4(CC3)CC)CCC2=C1,FDA,Levonorgestrel
Clc1cccc(Cl)c1NC=1NCCN=1,FDA,Clonidine
O=C1N(N(C)C(C)=C1N(C)C)c1ccccc1,FDA,Aminophenazone
S1c2c(N(c3ncccc13)C(OCCOCCN1CCCCC1)=O)cccc2,FDA,Pipazethate
Clc1sc(cc1)C(=O)NC[C@@H]1OC(=O)N(C1)c1ccc(N2CCOCC2=O)cc1,FDA,Rivaroxaban
O(CCCCCCCCCCCC)CCO,FDA,Polidocanol
Fc1ccc(cc1)[C@@H]1CCNC[C@H]1COc1cc2OCOc2cc1,FDA,Paroxetine
S1SC[C@H](NC(=O)[C@@H](NC(=O)[C@@H](NC(=O)[C@H](NC(=O)[C@@H](NC(=O)[C@@H](NC(=O)[C@H](N)Cc2ccccc2)C1)Cc1ccccc1)Cc1c2c([nH]c1)cccc2)CCCCN)C(O)C)C(=O)N[C@@H]([C@H](O)C)CO,FDA,Octreotide
O(CC(NC(C(O)c1ccc(O)cc1)C)C)c1ccccc1,FDA,Isoxsuprine
S1c2c(N(c3c1cccc3)C(=O)CCN1CCOCC1)cc(NC(OCC)=O)cc2,FDA,Moricizine
S1c2c(N(c3c1cccc3)C[C@@H](CN(C)C)C)cc(OC)cc2,FDA,Methotrimeprazine
O1[C@H]2[C@H](O[C@@H]3O[C@@H](CC(=O)[C@]13O)C)[C@@H](O)[C@H](NC)[C@H](O)[C@@H]2NC,FDA,Spectinomycin
Clc1cc2C3C(c4c(Oc2cc1)cccc4)CN(C3)C,FDA,Asenapine
FC(F)(F)c1cc(ccc1)\C(=N/OCCCCC(O)=O)\c1cccnc1,FDA,Ridogrel
O1CCc2c1cccc2[C@@H]1C[C@H]1C\N=C(/O)\CC,FDA,Tasimelteon
S(=O)(=O)(CC)c1cc(C(=O)NC[C@@H]2N(CCC2)CC)c(OC)cc1N,FDA,Amisulpride
s1cccc1CC(=O)N[C@@]1(OC)[C@H]2SCC(COC(=O)N)=C(N2C1=O)C(O)=O,FDA,Cefoxitin
Clc1ccc(cc1)[C@H](OC1CCN(CC1)CCCC(O)=O)c1ncccc1,FDA,Bepotastine
O(C(=O)N(C)C)c1ccc[n+](c1)C,FDA,Pyridostigmine
OC12CC3(NCC(=O)N4CCC[C@H]4C#N)CC(C1)CC(C3)C2,FDA,Vildagliptin
O=C1CC[C@@H]2[C@@H]3[C@H]([C@@H]4CC[C@@](O)(C#C)[C@]4(CC3=C)CC)CCC2=C1,FDA,Etonogestrel
P(OC[C@H]1O[C@@H](n2c3ncnc(N)c3nc2)[C@H](O)[C@@H]1O)(OP(OC[C@@H](O)[C@@H](O)[C@@H](O)CN1C2=NC(=O)NC(=O)C2=Nc2cc(C)c(cc12)C)(O)=O)(O)=O,FDA,Flavin adenine dinucleotide
Oc1cc(ccc1O)[C@@H](O)CNC(C)C,FDA,Isoprenaline
S(=O)(=O)(Nc1cc(OC)c(Nc2c3c(nc4c2cccc4)cccc3)cc1)C,FDA,Amsacrine
n1c2c(ncc1)cc1[C@@H]3C[C@H](c1c2)CNC3,FDA,Varenicline
Oc1cc(N)ccc1C(O)=O,FDA,Aminosalicylic Acid
ClC1=CC=C(C=C1)C[C@H](C(N[C@H](CC2=CN=CC=C2)C(N[C@@H](CO)C(N(C)[C@@H](CC(C=C3)=CC=C3O)C(N[C@H](CC(N)=O)C(N[C@@H](CC(C)C)C(N[C@@H](CCCCNC(C)C)C(N(CCC4)[C@@H]4C(N[C@H](C)C(N)=O)=O)=O)=O)=O)=O)=O)=O)=O)NC([C@@H](CC5=CC(C=CC=C6)=C6C=C5)NC(C)=O)=O,FDA PEP,abarelix
O=C([C@H](CCCCN)NC(CNC([C@H](CC1=CNC2=CC=CC=C12)NC([C@H](CCCNC(N)=N)NC([C@@H](CC3=CC=CC=C3)NC([C@H](CC4=CN=CN4)NC([C@H](CCC(O)=O)NC([C@H](CCCC)NC([C@H](CO)NC([C@H](CC(C=C5)=CC=C5O)NC([C@H](CO)NC(C)=O)=O)=O)=O)=O)=O)=O)=O)=O)=O)=O)N(CCC6)[C@@H]6C(N[C@@H](C(C)C)C(N)=O)=O,FDA PEP,afamelanotide
O=C1N(C)[C@@H]([C@@H]([C@H](C)C/C=C/C)O)C(N[C@@H](CC)C(N(C)[C@H](C)C(N(CC)[C@@H](C(C)C)C(N[C@@H](C(C)C)C(N(C)[C@@H](CC(C)C)C(N[C@@H](C)C(N[C@H](C)C(N(C)[C@@H](CC(C)C)C(N(C)[C@@H](CC(C)C)C(N(C)[C@H]1C(C)C)=O)=O)=O)=O)=O)=O)=O)=O)=O)=O,FDA PEP,alisporivir
OC1[C@@H]([C@H]([C@@H]([C@@H](CO)O1)O)OCC(N[C@H](C(N[C@@H](C(N)=O)CCC(O)=O)=O)C)=O)NC(C)=O,FDA PEP,almurtide
ClCCN(CCCl)C1=CC=CC(C[C@@H](C(N([H])[C@H](C(OCC)=O)CCSC)=O)N([H])C([C@H](CC(C=C2)=CC=C2F)N([H])[H])=O)=C1,FDA PEP,ambamustine
O=C(N[C@@](C(N[C@@H](CC(O)=O)C(NCC(N[C@H](C(NC1)=O)CC(O)=O)=O)=O)=O)([H])[C@H](C)C(O)=O)[C@@]2(N(C([C@H]([C@@H](C)NC([C@@]3(CCCN3C([C@H](C(C)C)NC([C@@]([C@@H](C)N)(NC1=O)[H])=O)=O)[H])=O)NC([C@H](CC(O)=O)NC(C/C=C\CCCCCC(C)CC)=O)=O)=O)CCCC2)[H],FDA PEP,Amphomycin
O=C([C@@]1(CC2=CC=CC=C2)CCCN(C([C@@H](CC3=CN([H])C4=CC=CC=C34)N([H])C(C(C)(C)N([H])[H])=O)=O)C1)N(C)N(C)C,FDA PEP,anamorelin
O=C(N[C@H](C(N1C[C@H](O)C[C@H]1C(N[C@@H]([C@H](O)[C@@H](O)C2=CC=C(O)C=C2)C3=O)=O)=O)[C@@H](C)O)[C@@H](NC(C4=CC=C(C5=CC=C(C6=CC=C(OCCCCC)C=C6)C=C5)C=C4)=O)C[C@H]([C@H](NC([C@H]7N(C([C@]([C@H](O)C)(N3)[H])=O)C[C@H](C)[C@@H]7O)=O)O)O,FDA PEP,anidulafungin
O=C([C@@]([C@@H](C)CC)([H])NC([C@H](CC(C=C1)=CC=C1O)NC2=O)=O)N[C@@H](CC(N)=O)C(N[C@@H](CC(N)=O)C(N[C@@H](CSSC[C@@H]2N)C(N(CCC3)[C@@H]3C(N[C@@H](CC(C)C)C(NCC(N)=O)=O)=O)=O)=O)=O,FDA PEP,aspartocin
O=C([C@H]1N(C([C@H](CSSCCC(N([H])[C@H](CC(C=C2)=CC=C2OCC)C(N([H])[C@@]3([H])[C@@H](C)CC)=O)=O)N([H])C([C@H](CC(N([H])[H])=O)N([H])C([C@@]([C@@H](C)O)([H])N([H])C3=O)=O)=O)=O)CCC1)N([H])[C@H](C(N([H])CC(N([H])[H])=O)=O)CCCN([H])[H],FDA PEP,atosiban
O=C([C@H]1N=C([C@H]([C@@H](C)CC)N)SC1)N[C@@H](CC(C)C)C(N[C@H](CCC(O)=O)C(N[C@@H]([C@@H](C)CC)C(N[C@@H]2C(N[C@H](CCCN)C(N[C@@H]([C@@H](C)CC)C(N[C@H](CC3=CC=CC=C3)C(N[C@@H](CC4=CNC=N4)C(N[C@H](CC(O)=O)C(N[C@@H](CC(N)=O)C(NCCCC2)=O)=O)=O)=O)=O)=O)=O)=O)=O)=O,FDA PEP,bacitracin
O=C1N[C@]([C@H](C)CC)([H])C(N(C)[C@@H](C(C)C)C(N[C@@H](CC(C)C)C(N(C)[C@@H](C(C)(C)O)C(O[C@@]([C@H](C)CC)([H])C(N(C)[C@@H](C(C)C)C(N[C@@H](CC2=CC=CC=C2)C(N(C)[C@@H](CC3=CC=CC=C3)C(N4[C@@]1([H])CCC4)=O)=O)=O)=O)=O)=O)=O)=O,FDA PEP,basifungin
O[C@H](C(N[C@H](C(O)=O)CC(C)C)=O)[C@@H](CC1=CC=CC=C1)N,FDA PEP,bestatin
O=C(O)[C@@H](NC([C@@H](NC([C@@H](NC([C@@H](NC([C@H]1N(C([C@H]([C@@H](C)CC)NC([C@@H](NC([C@@H](NC([C@@H](NC([C@H](CC(O)=O)NC(CNC([C@@H](NC(CNC(CNC(CNC(CNC([C@H]2N(C([C@@H](NC([C@H]3N(C([C@H](N)CC4=CC=CC=C4)=O)CCC3)=O)CCCNC(N)=N)=O)CCC2)=O)=O)=O)=O)=O)CC(N)=O)=O)=O)=O)CC5=CC=CC=C5)=O)CCC(O)=O)=O)CCC(O)=O)=O)=O)CCC1)=O)CCC(O)=O)=O)CCC(O)=O)=O)CC6=CC=C(O)C=C6)=O)CC(C)C,FDA PEP,bivalirudin
O=C(N[C@@H](C(C)(C)C)C(N1C[C@H]2[C@H](C2(C)C)[C@H]1C(NC(CC3CCC3)C(C(N)=O)=O)=O)=O)NC(C)(C)C,FDA PEP,boceprevir
O=C([C@H](CC1=CC=CC=C1)NC(C2=NC=CN=C2)=O)N[C@H](B(O)O)CC(C)C,FDA PEP,Bortezomib
O=C([C@@]([C@]1([H])NC(N)=NCC1)([H])NC(/C(NC([C@H](CNC(C[C@H](CCCN)N)=O)NC2=O)=O)=C\NC(N)=O)=O)NC[C@@H](C(N[C@H]2CO)=O)N.O=C([C@@]([C@]3([H])NC(N)=NCC3)([H])NC(/C(NC([C@H](CNC(C[C@H](CCCN)N)=O)NC4=O)=O)=C\NC(N)=O)=O)NC[C@@H](C(N[C@H]4C)=O)N,FDA PEP,capreomycinA
O=C([C@H](CC(C)C)NC([C@H](CC1=CC=CC=C1)NC([C@H](CC(C)C)NC([C@H](CCC2=CC=CC=C2)NC(CN3CCOCC3)=O)=O)=O)=O)[C@]4(C)OC4,FDA PEP,carfilzomib
O=C([C@H](CC1=CC=CC=C1)N([H])C([C@@H](C)N([H])C([C@H](CC(C=C2)=CC=C2O)N([H])[H])=O)=O)N([H])[C@H](C)C(N([H])[C@H](C(N([H])[H])=O)CC(C=C3)=CC=C3O)=O,FDA PEP,casokefamide
O=C([C@H]([C@@H](CCN)O)NC([C@H]([C@@H]([C@H](C(C=C1)=CC=C1O)O)O)NC([C@H](C2)N(C[C@@H]2O)C([C@H]([C@@H](C)O)NC([C@H]3NC(CCCCCCCCC(C)CC(C)CC)=O)=O)=O)=O)=O)N(CC4)[C@H](C(N[C@@H]([C@@H](C3)O)NCCN)=O)[C@H]4O,FDA PEP,caspofungin
ClC1=CC=C(C=C1)C(C2)CN(CC(N(C3)CCN([H])C3=O)=O)C2=O,FDA PEP,cebaracetam
O=C([C@H]1N(C([C@H](C(C)C)N(C)C([C@H](C(C)C)N([H])C([C@H](C(C)C)N(C)C)=O)=O)=O)CCC1)N2[C@H](C(N([H])CC3=CC=CC=C3)=O)CCC2,FDA PEP,cemadotin
ClC1=CC=C(C=C1)C[C@H](C(N[C@H](CC2=CC=CN=C2)C(N[C@@H](CO)C(N[C@@H](CC(C=C3)=CC=C3O)C(N[C@H](CCCNC(N)=O)C(N[C@@H](CC(C)C)C(N[C@@H](CCCNC(N)=N)C(N(CCC4)[C@@H]4C(N[C@H](C)C(N)=O)=O)=O)=O)=O)=O)=O)=O)=O)NC([C@@H](CC5=CC6=CC=CC=C6C=C5)NC(C)=O)=O,FDA PEP,cetrorelix
O=C1N(C)[C@@H](C(C)C)C(N[C@@H](CCCNC(N)=N)C(NCC(N[C@@H](CC(O)=O)C(N[C@@H]1CC2=CC=CC=C2)=O)=O)=O)=O,FDA PEP,cilengitide
CN(C([C@H](C(C)C)N(C)C([C@H](CC(C)C)N(C([C@H](CC(C)C)N(C)C([C@@H](C)NC([C@H](C)N1)=O)=O)=O)C)=O)=O)[C@@H]([C@H](O)[C@H](C)C/C=C/C)C(N[C@@H](CC)C(N(C)CC(N(C)[C@@H](CC(C)C)C(N[C@@H](C(C)C)C(N(C)[C@@H](CC(C)C)C1=O)=O)=O)=O)=O)=O,FDA PEP,cyclosporine
O=C([C@H](C(C)C)NC(OC)=O)N1[C@@H](CCC1)C2=NC=C(C(C=C3)=CC=C3C4=CC=C(C=C4)C5=CN=C([C@H](CCC6)N6C([C@H](C(C)C)NC(OC)=O)=O)N5)N2,FDA PEP,Daclatasvir
ClC(C=C(C=C1)[C@H]([C@H](NC2=O)C(N[C@@H]3C(NCCCN(C)C)=O)=O)O)=C1OC4=CC([C@@H](NC([C@@H](NC5=O)C6=C(Cl)C(O)=CC(OC7=C(O)C=C([C@H](C(N[C@@H]5CC8=CC=C9C=C8)=O)NC)C=C7)=C6)=O)C(N[C@@H]2C%10=CC(C%11=C3C=C(O)C=C%11O[C@H]%12O[C@H](CO)[C@@H](O)[C@H](O)[C@@H]%12O)=C(O)C=C%10)=O)=CC(O9)=C4O[C@H]%13[C@H](NC(CCCCCCCCC(C)C)=O)[C@@H](O)[C@H](O)[C@@H](C(O)=O)O%13,FDA PEP,dalbavancin
O=C(CN)N(C1)[C@H](C(O)=O)C[C@H]1NC(C2=CC=CC=C2)=O,FDA PEP,danegaptide
O=C(O[C@H](C)[C@H](NC([C@H](CC(O)=O)NC([C@@H](NC([C@@H](NC(CCCCCCCCC)=O)CC1=CNC2=C1C=CC=C2)=O)CC(N)=O)=O)=O)C(NC3)=O)[C@H](CC(C4=C(N)C=CC=C4)=O)NC([C@@H](NC([C@@H](CO)NC(CNC([C@H](CC(O)=O)NC([C@@H](C)NC([C@H](CC(O)=O)NC([C@@H](NC3=O)CCCN)=O)=O)=O)=O)=O)=O)[C@H](C)CC(O)=O)=O,FDA PEP,daptomycin
O=C([C@@]([C@@H](C)CC)([H])NC([C@H](CO)NC([C@H](C(C)C)NC([C@H](CCC1)N1C([C@H](C)NC([C@H](CC(N)=O)N)=O)=O)=O)=O)=O)N(CCC2)[C@@H]2C(N[C@@H](CCC(N)=O)C(O)=O)=O,FDA PEP,davunetide
ClC1=CC=C(C=C1)C[C@H](C(N[C@H](CC2=CC=CN=C2)C(N[C@@H](CO)C(N[C@@H](CC(C=C3)=CC=C3NC([C@H](C4)NC(NC4=O)=O)=O)C(N[C@H](CC(C=C5)=CC=C5NC(N)=O)C(N[C@@H](CC(C)C)C(N[C@@H](CCCCNC(C)C)C(N(CCC6)[C@@H]6C(N[C@H](C)C(N)=O)=O)=O)=O)=O)=O)=O)=O)=O)NC([C@@H](CC7=CC(C=CC=C8)=C8C=C7)NC(C)=O)=O,FDA PEP,degarelix
O=C([C@@H](CCCC)N([H])C([C@@H](CCCC)N([H])C([C@@H](CCCC)N([H])C([C@@H](CCC/N=C(N([H])[H])\N([H])[H])N([H])[H])=O)=O)=O)N([H])[C@@H](C(N([H])[C@@H](C(N([H])[C@@H](C(N([H])[C@@H](C(N([H])CC(N([H])[C@@H](C(N([H])[H])=O)CC(C=C1)=CC=C1O)=O)=O)CCCC)=O)CCCC)=O)CCCC)=O)CCC/N=C(N([H])[H])/N([H])[H],FDA PEP,delmitide
O=C([C@H]1N([H])CCC1)N([H])[C@](C2=CC=CC=C2)(C(N([H])CC(N([H])[H])=O)=O)CC,FDA PEP,Doreptide
CC1=CC=C(S(=O)(O)=O)C=C1.ClC2=CN=C(NC(C(N[C@@H]3[C@@H](C[C@@H](C(N(C)C)=O)CC3)NC(C(S4)=NC5=C4CN(CC5)C)=O)=O)=O)C=C2,FDA PEP,Edoxaban tosilate
O=C([C@H]1N(C([C@H](CCC(N([H])[H])=O)N([H])C([C@H](CCCN([H])/C(N([H])[H])=N\[H])N([H])C([C@H]([C@@H](C)CC)N([H])C([C@H](CC2=CN([H])C3=CC=CC=C23)N([H])C([C@H](CO)N([H])C([C@H](CC4=CN([H])C5=CC=CC=C45)N([H])C([C@H](CC(C=C6)=CC=C6O)N([H])C([C@H](CC(C=C7)=CC=C7O)N([H])C(CN([H])[H])=O)=O)=O)=O)=O)=O)=O)=O)=O)CCC1)N8[C@H](C(N([H])CC(N([H])[C@H](C(N([H])CC(N([H])[C@H](C(N([H])[C@H](C(N([H])[C@H](C(N([H])[C@H](C(N([H])CC(O)=O)=O)[C@@H](C)CC)=O)CC9=CN([H])C%10=CC=CC=C9%10)=O)CCC(O)=O)=O)CCC(O)=O)=O)=O)CCCCN([H])[H])=O)=O)CCC8,FDA PEP,Edratide
O=C([C@@H](CC1=CC=CC=C1)N([H])C)N2[C@H](C(N([H])[C@H](C=O)CCC/N=C(N([H])[H])\N([H])[H])=O)CCC2,FDA PEP,Efegatran
O=C([C@@]1([H])N(C([C@@H](CC)N([H])C2=O)=O)CCC1)N(C)[C@@H](CC(C=C3)=CC=C3N([H])C)C(N(CC4)[C@@](C(N([H])[C@@H](C5=CC=CC=C5)C(O[C@H](C)[C@@H]2N([H])C(C(N=CC=C6)=C6O)=O)=O)=O)([H])CC4=O)=O,FDA PEP,Efepristin
FC1=C(C=CC=C1OC)C2=C(C)N(CC(C(F)=CC=C3)=C3C(F)(F)F)C(N(C[C@@H](C4=CC=CC=C4)NCCCC(O)=O)C2=O)=O,FDA PEP,Elagolix
O=C([C@H](CC1)NC1=O)N(CCC2)[C@@H]2C(N[C@@H](CO)C(N[C@@H](CCCCN)C(N[C@@H](CC(O)=O)C(N[C@@H](C)C(N[C@@H](CC3=CC=CC=C3)C(N[C@@H]([C@@H](C)CC)C(NCC(N[C@@H](CC(C)C)C(N[C@@H](CCSC)C(N)=O)=O)=O)=O)=O)=O)=O)=O)=O)=O,FDA PEP,Eledoisin
O=C([C@H](C(C)C)NC([C@H](CC1=CC=CC=C1)NC([C@H](CCCNC(N)=N)N)=O)=O)N(CCC2)[C@@H]2C(N[C@@H](CC(O)=O)C(NCC(N[C@@H](CC(N)=O)C(N[C@@H](CCCNC(N)=N)C(N[C@H](C(O)=O)[C@@H](C)CC)=O)=O)=O)=O)=O,FDA PEP,Elpamotide
O=C([C@H](CC1=CN([H])C2=CC=CC=C12)N([H])[H])N([H])[C@H](C(N([H])CC(N([H])CC(N([H])[C@@H](CC(O)=O)C(N([H])[C@@H](C)C(N([H])[C@H](C(N([H])CC(N([H])[C@H](C(O)=O)CCC(O)=O)=O)=O)CO)=O)=O)=O)=O)=O)C,FDA PEP,Emideltide
O=C(N(CCC1)[C@@H]1C(O)=O)[C@@](C)([H])N[C@](CCC2=CC=CC=C2)([H])C(OCC)=O.OC(/C=C\C(O)=O)=O,FDA PEP,enalapril maleate
O=C(N[C@@H](CC(C)C)C(N[C@@H]([C@@H](C)CC)C(N[C@@H](CCC(O)=O)C(N[C@@H](CCC(O)=O)C(N[C@@H](CO)C(N[C@@H](CCC(N)=O)C(N[C@@H](CC(N)=O)C(N[C@@H](CCC(N)=O)C(N[C@@H](CCC(N)=O)C(N[C@@H](CCC(O)=O)C(N[C@@H](CCCCN)C(N[C@@H](CC(N)=O)C(N[C@@H](CCC(O)=O)C(N[C@@H](CCC(N)=O)C(N[C@@H](CCC(O)=O)C(N[C@@H](CC(C)C)C(N[C@@H](CC(C)C)C(N[C@@H](CCC(O)=O)C(N[C@@H](CC(C)C)C(N[C@@H](CC(O)=O)C(N[C@@H](CCCCN)C(N[C@@H](CC1=CNC2=C1C=CC=C2)C(N[C@@H](C)C(N[C@@H](CO)C(N[C@@H](CC(C)C)C(N[C@H](C(N[C@@H](CC(N)=O)C(N[C@H](C(N[C@H](C(N)=O)CC3=CC=CC=C3)=O)CC4=CNC5=C4C=CC=C5)=O)=O)CC6=CNC7=C6C=CC=C7)=O)=O)=O)=O)=O)=O)=O)=O)=O)=O)=O)=O)=O)=O)=O)=O)=O)=O)=O)=O)=O)=O)=O)=O)=O)[C@H](CO)NC([C@@H](NC([C@H]([C@@H](C)CC)NC([C@H](CC(C)C)NC([C@H](CO)NC([C@H]([C@H](O)C)NC([C@@H](NC(C)=O)CC8=CC=C(O)C=C8)=O)=O)=O)=O)=O)CC9=CN=CN9)=O,FDA PEP,enfuvirtide
NC(N1)=NCC[C@]1([H])[C@](C2=O)([H])NC(/C(NC([C@H](CO)NC([C@H](CO)NC([C@@H](NC(C[C@@H](N)[C@H](O)CCN)=O)CN2)=O)=O)=O)=C/NC(N)=O)=O,FDA PEP,Enviomycin
O=C([C@@H]1CCCN21)N[C@H](C(N)=O)CSSCCC(N[C@@H](CCCCNC(N)=N)C(NCC(N[C@@H](CC(O)=O)C(N[C@](CC3=CNC4=C3C=CC=C4)([H])C2=O)=O)=O)=O)=O,FDA PEP,Eptifibatide
O=C(C1=NN=C(C(C)(C)C)O1)C(C(C)C)N([H])C(CN(C2=O)C(C3=CC=CC=C3)=NC=C2N([H])[H])=O,FDA PEP,Freselestat
ClC1=CC=C(C=C1)C[C@H](C(N[C@H](CC2=CC=CN=C2)C(N[C@@H](CO)C(N[C@@H](CC(C=C3)=CC=C3O)C(N[C@H](CCCC/N=C(NCC)/NCC)C(N[C@@H](CC(C)C)C(N[C@@H](CCCC/N=C(NCC)/NCC)C(N(CCC4)[C@@H]4C(N[C@H](C)C(N)=O)=O)=O)=O)=O)=O)=O)=O)=O)NC([C@@H](CC5=CC6=CC=CC=C6C=C5)NC(C)=O)=O,FDA PEP,Ganirelix
O[C@H]([C@H](C)C/C=C/C)[C@](C(N([H])[C@H](C(N(C)CC(N(C)[C@H](C(N([H])[C@H](C(N(C)[C@H](C(N([H])[C@H]1C)=O)CC(C)C)=O)C(C)C)=O)CC(C)C)=O)=O)CCC)=O)([H])N(C)C([C@H](C(C)C)N(C)C([C@H](CC(C)C)N(C)C([C@H](CC(C)C)N(C)C([C@@H](C)N([H])C1=O)=O)=O)=O)=O,FDA PEP,Geclosporin
O=C([C@H](CCCC[C@@H](C(N([H])[C@H](C(O)=O)CCCCN([H])[H])=O)N([H])C([C@H](CC(O)=O)N([H])C([C@H](CCC(O)=O)N([H])C([C@H](CC1)N([H])C1=O)=O)=O)=O)N([H])C([C@H](CC(O)=O)N([H])C([C@H](CCC(O)=O)N([H])C([C@H](CC2)N([H])C2=O)=O)=O)=O)N([H])[C@H](C(O)=O)CCCCN([H])[H],FDA PEP,Glaspimod
O=C([C@H](CCCCN([H])[H])N([H])C([C@H](CC(O)=O)N([H])C([C@H](CO)N([H])C(C)=O)=O)=O)N1[C@H](C(O)=O)CCC1,FDA PEP,Goralatide
O=C([C@@H]1N(C([C@H](CO)N([H])C([C@H](CC2=CC=CS2)N([H])C(CN([H])C([C@H](C3)N(C([C@H]4N(C([C@H](CCC/N=C(N([H])[H])\N([H])[H])N([H])C([C@@H](CCC/N=C(N([H])[H])\N([H])[H])N([H])[H])=O)=O)CCC4)=O)C[C@@H]3O)=O)=O)=O)=O)CC5=CC=CC=C5C1)N6[C@]7([H])[C@](CCCC7)([H])C[C@H]6C(N([H])[C@H](C(O)=O)CCC/N=C(N([H])[H])\N([H])[H])=O,FDA PEP,Icatibant
O=C([C@H](CCCCN([H])[H])N([H])C([C@H]([C@@H](C)O)N([H])C([C@H](C(C)C)N([H])C([C@H]1N([H])CCC1)=O)=O)=O)N2[C@H](C(N([H])[C@H](C(N([H])[C@@H](C(N([H])[H])=O)C)=O)CCC(N([H])[H])=O)=O)CCC2,FDA PEP,Lagatide
O=C(N[C@](CS[C@H](C)[C@](C(N[C@H](C(N1)=O)CC2=CC=CC=C2)=O)([H])NC([C@@H]3CC4=CC=CC=C4)=O)([H])C(N[C@@H](CNCCCC[C@@H](C(O)=O)NC([C@@]([C@@H](C)SC[C@@]5(N)[H])([H])NC([C@@H]6CC(N)=O)=O)=O)C(N[C@H](C(NCC(N7CCC[C@H]7C(N3)=O)=O)=O)CC8=CC=CC=C8)=O)=O)[C@@](CSC[C@](C(N[C@@]([H])([C@@H](O)C(O)=O)C(NCC(N6)=O)=O)=O)([H])NC([C@@H]1C(C)C)=O)([H])NC([C@@H](NC([C@H](CCCCN)NC5=O)=O)CCC(N)=O)=O,FDA PEP,Lancovutide
O=C([C@H](CCC(N)=O)NC([C@H](C(C)C)NC([C@H](CC(C)C)NC([C@H](C(C)C)NC(CNC(CN)=O)=O)=O)=O)=O)N(CCC1)[C@@H]1C(NCC(O)=O)=O,FDA PEP,Larazotide
NC([C@@H]1CSSC[C@H](NC([C@@H](NC([C@@H](NC([C@@H](NC([C@H](CC(C)C)NC([C@H](CCCCN)NC([C@H](CO)NC([C@H](NC([C@H](CCCCN)NC([C@@H](NC(CNC([C@H](CCCCN)NC([C@H](CO)NC([C@H](CCCCN)NC([C@@H](N[H])CSSC[C@H]2C(N[C@@H](CO)C(NCC(N[C@@H](CO)C(N3)=O)=O)=O)=O)=O)=O)=O)=O)=O)C)=O)=O)CSSC[C@@H]3C(N[C@@H](CO)C(NCC(N[C@]([C@H](O)C)([H])C(N[C@@H](C(C)C)C(NCC(N[C@@H](CCCNC(N)=N)C(N1)=O)=O)=O)=O)=O)=O)=O)=O)=O)=O)=O)CCSC)=O)CC(C=C4)=CC=C4O)=O)CC(O)=O)=O)C(N2)=O)=O,FDA PEP,Leconotide
O=C([C@H](CC(N)=O)NC([C@H](CSSC[C@@H]1N)NC([C@@](CSSC2)([H])NC([C@H](CC(C=C3)=CC=C3O)NC([C@H](CCC(O)=O)NC4=O)=O)=O)=O)=O)N(CCC5)[C@@H]5C(N[C@@H](C)C(N[C@@H](CSSC[C@@H]4NC1=O)C(N[C@]([C@@H](C)O)([H])C(NCC(N[C@]2([H])C(N[C@@H](CC(C=C6)=CC=C6O)C(O)=O)=O)=O)=O)=O)=O)=O,FDA PEP,Linaclotide
O=C([C@H](CCCCN)N[C@@H](CCC1=CC=CC=C1)C(O)=O)N2[C@H](C(O)=O)CCC2,FDA PEP,lisinopril
O=C([C@H](CC1=CC=CC=C1)N([H])C(CN([H])C([C@@H](C)N([H])C([C@H](CC(C=C2)=CC=C2O)N([H])[H])=O)=O)=O)N(C)[C@H](C(N([H])[H])=O)CCSC,FDA PEP,Metkefamide
O[C@@H]([C@@H](C)C1)[C@@H](C(N[C@@H]([C@@H](C2)O)O)=O)N1C([C@H]([C@@H](CC(N)=O)O)NC([C@H]([C@@H]([C@H](C(C=C3)=CC(OS(=O)(O)=O)=C3O)O)O)NC([C@H](C[C@H]4O)N(C4)C([C@H]([C@@H](C)O)NC([C@H]2NC(C(C=C5)=CC=C5C6=NOC(C(C=C7)=CC=C7OCCCCC)=C6)=O)=O)=O)=O)=O)=O,FDA PEP,Micafungin
O[C@H]([C@@H](CO)OC1O)[C@@H]([C@H]1NC(C)=O)O[C@@H](C(N[C@H](C(N([H])[C@@H](C(N)=O)CCC(N[C@H](C(NCCOP(OC[C@@H](COC(CCCCCCCCCCCCCCC)=O)OC(CCCCCCCCCCCCCCC)=O)(O)=O)=O)C)=O)=O)C)=O)C,FDA PEP,Mifamurtide
O[C@H]([C@@H](CO)OC1O)[C@@H]([C@H]1N([H])C(C)=O)O[C@@H](C(N([H])[C@@H](C)C(N([H])[C@@H](C(OCCCC)=O)CCC(N([H])[H])=O)=O)=O)C,FDA PEP,Murabutide
FC1=CC=C(C=C1)C[C@@H](C(N(C2)[C@H](C(N([H])[C@H](C(N([H])CC(N([H])[C@H](C(N([H])[H])=O)CC3=CN([H])C4=CC=CC=C34)=O)=O)CCC/N=C(N([H])[H])\N([H])[H])=O)C[C@H]2O)=O)N([H])[H],FDA PEP,Nemifitide
O=C(N/C(C1=NC(C(NC(CC(O)C(OCC2=CC=C3)=O)C4=NC(C(NC5CSC(C6=C(C)C2=C3N6)=O)=O)=CS4)=O)=CS1)=C\C)C(C(C)O)NC(C7=CSC(C(C=C8O)=C(N=C8C9=NC(C(NC(C(N)=O)=C)=O)=CS9)C%10=CSC5=N%10)=N7)=O,FDA PEP,Nosiheptide
OC1=CC(O)=CC([C@@H](C(O)=O)NC([C@@H](NC2=O)[C@H](O[C@H]3C[C@@](N)(C)[C@@H](O)[C@H](C)O3)C4=CC(Cl)=C(OC5=CC([C@@]6([H])NC([C@H](CC(N)=O)NC([C@H](NC([C@H](NC)CC(C)C)=O)[C@@H]7O)=O)=O)=CC(OC8=CC=C7C=C8)=C5O[C@H]9[C@H](O[C@H]%10C[C@@](N)(C)[C@@H](O)[C@H](C)O%10)[C@@H](O)[C@H](O)[C@@H](CO)O9)C=C4)=O)=C1C%11=CC([C@H]2NC6=O)=CC=C%11O,FDA PEP,Orientiparcin
OC1=CC2=C(C(O)=C1)C3=C(O)C=CC([C@H]4N([H])C([C@H]5C6=CC(OC7=CC=C(C=C7Cl)[C@@H](O)[C@@H](N(C([C@@H](CC(C)C)N([H])C)=O)[H])C(N([H])[C@H](C(N5)=O)CC(N([H])[H])=O)=O)=C(O[C@H]8[C@@H]([C@H]([C@@H]([C@H](O8)CO)O)O)O[C@@H]9O[C@@H](C)[C@@H]([C@@](N(CC%10=CC=C(C%11=CC=C(Cl)C=C%11)C=C%10)[H])(C9)C)O)C(OC%12=C(Cl)C=C([C@@H](O[C@H]%13C[C@@](N([H])[H])(C)[C@H]([C@H](C)O%13)O)[C@@H](C(N([H])[C@H]2C(O)=O)=O)N([H])C4=O)C=C%12)=C6)=O)=C3,FDA PEP,Oritavancin
O=C([C@H](CC1=CN=CN1[H])N([H])C(C(N([H])C(N2[H])=O)=CC2=O)=O)N3[C@H](C(N([H])[H])=O)CCC3,FDA PEP,Orotirelin
O[C@H]([C@H](C)C/C=C/C)[C@](C(N([H])[C@H](C(N(C)CC(N(C)[C@H](C(N([H])[C@H](C(N(C)[C@H](C(N([H])[C@H]1C)=O)CC(C)C)=O)C(C)C)=O)CC(C)C)=O)=O)CC)=O)([H])N(C)C([C@H](C(C)C)N(C)C([C@H](CC(C)C)N(C)C([C@H](CC(C)C)N(C)C([C@@H](COCCO)N([H])C1=O)=O)=O)=O)=O,FDA PEP,Oxeclosporin
O=C([C@H]1N([H])CCC1)N(C)[C@@H](C(N([H])CC(N([H])[H])=O)=O)CC(C)C,FDA PEP,Pareptide
O=C([C@H](CC1=CNC2=C1C=CC=C2)NC(CCNC(OC(C)(C)C)=O)=O)N[C@@H](CCSC)C(N[C@@H](CC(O)=O)C(N[C@H](C(N)=O)CC3=CC=CC=C3)=O)=O,FDA PEP,Pentagastrin
O=C([C@@](CCC1)([H])N1C([C@H](CC(O)=O)NC([C@H](CO)NC([C@H](CC(O)=O)N)=O)=O)=O)N[C@@H](CCCNC(N)=N)C(O)=O,FDA PEP,Pentigetide
O[C@@H]1[C@@H]([C@@H](O[C@@H](CO)[C@H]1O)O[C@@H](C2=CNC=N2)[C@@H](C(N[C@H](C)[C@H]([C@H](C)C(N[C@@H]([C@@H](C)O)C(NCCC3=NC(C4=NC(C(NCCCN[C@@H](C)C5=CC=CC=C5)=O)=CS4)=CS3)=O)=O)O)=O)NC(C6=C(C)C(N)=NC([C@H](CC(N)=O)NC[C@@H](C(N)=O)N)=N6)=O)O[C@H]([C@H]([C@H]7OC(N)=O)O)O[C@H](CO)[C@H]7O,FDA PEP,Peplomycin
O=C(N)[C@H](CCCCN)NC([C@H](CCCCN)NC([C@@H](NC([C@H]([C@@H](C)CC)NC([C@H](CCCCN)NC([C@H](C(C)C)NC([C@@H](NC([C@H](C)NC([C@H](CCCCN)NC(CNC([C@@H](NC([C@H](CCCCN)NC([C@H](CCCCN)NC([C@H](C)NC([C@H](CCCCN)NC([C@H](CCCCN)NC([C@@H](NC([C@@H](NC([C@H](CCCCN)NC(CNC([C@H]([C@@H](C)CC)NC(CN)=O)=O)=O)=O)CC1=CC=CC=C1)=O)CC(C)C)=O)=O)=O)=O)=O)=O)CC2=CC=CC=C2)=O)=O)=O)=O)CC3=CC=CC=C3)=O)=O)=O)=O)CC(C)C)=O)=O,FDA PEP,Pexiganan
O=C(N1)CC[C@]1(C(N2CSC[C@]2(C(O)=O)[H])=O)[H],FDA PEP,Pidotimod
CCCCCCCCCCCC(N[C@@](C)(C(N[C@@]([H])(C(O)=O)CCC(NC(C(O)=O)CCCC(NC(CN)=O)C(N)=O)=O)=O)[H])=O,FDA PEP,Pimelautide
N[C@H](C(N[C@H](C(N[C@H](C(N[C@H](C(N[C@H](C(N[C@H](C(N[C@@](C(N[C@H](C(N[C@H](C(N[C@H](C(N[C@H]1C)=O)C(C)C)=O)CC(N)=O)=O)C(C)C)=O)([H])CSSC[C@@H](C(N[C@H](C(O)=O)CC(C)C)=O)NC2=O)=O)CC(C)C)=O)CCC(O)=O)=O)CSSC[C@](C(N[C@@](C(NC2)=O)([H])[C@@H](C)O)=O)([H])NC1=O)=O)CCC(O)=O)=O)CC(O)=O)=O)CC(N)=O,FDA PEP,Plecanatide
CN([C@@H](CC1=CC=C(OC)C=C1)C(O[C@H](C)[C@H](NC([C@H](N(C([C@H]2N(C(C(C)=O)=O)CCC2)=O)C)CC(C)C)=O)C3=O)=O)C([C@@H]4CCCN4C([C@@H](NC([C@H](C([C@@H](OC(C[C@@H]([C@]([H])(N3)[C@@H](C)CC)O)=O)C(C)C)=O)C)=O)CC(C)C)=O)=O,FDA PEP,Plitidepsin
O=C(N[C@@H](CCN)C(N[C@]1([H])C(N[C@H](CCN)C(N[C@H](CC2=CC=CC=C2)C(N[C@@H](CC(C)C)C(N[C@@H](CCN)C(N[C@@H](CCN)C(N[C@]([C@@H](C)O)([H])C(NCC1)=O)=O)=O)=O)=O)=O)=O)=O)[C@@]([C@@H](C)O)([H])NC([C@H](CCN)NC(CCCCC(C)CC)=O)=O.O=S(O)(O)=O,FDA PEP,Polymyxin B
O=C([C@H](CC(C)C)N([H])C([C@H](CCC1)N([H])C1=O)=O)N2[C@H](C(N([H])[H])=O)CCC2,FDA PEP,Posatirelin
O=C([C@H](CC1=CN([H])C2=CC=CC=C12)N([H])C([C@H](C)N([H])C([C@@H](CC3=CC4=CC=CC=C4C=C3)N([H])C([C@@H](C)N([H])[H])=O)=O)=O)N([H])[C@@H](C(N([H])[C@H](C(N([H])[H])=O)CCCCN([H])[H])=O)CC5=CC=CC=C5,FDA PEP,Pralmorelin
NCCCC[C@@H](C(O)=O)NC([C@@H](NC(CN)=O)CC1=CNC=N1)=O,FDA PEP,Prezatide
CC(C)[C@@H](NC(C[C@@H](/C=C/CCSSC[C@@H]1C2=O)OC([C@H](C(C)C)NC(/C(N2)=C/C)=O)=O)=O)C(N1)=O,FDA PEP,romidepsin
N[C@H]1[C@H](O[C@]([H])(C)C(N[C@@]([H])(C)C(N[C@@]([H])(C(N)=O)CCC(N[C@](CCCCNC(CCCCCCCCCCCCCCCCC)=O)([H])C(O)=O)=O)=O)=O)[C@@H](CC(O)=O)C(O)O[C@@H]1CO,FDA PEP,romurtide
O[C@H]1C[C@H](C(N([H])CC(N([H])[C@@H](C(N([H])CC(N([H])[H])=O)=O)C)=O)=O)N(C([C@@H]2N(C([C@@H](CC(C=C3)=CC=C3O)N([H])C(C)=O)=O)CCC2)=O)C1,FDA PEP,Rotigaptide
O=C(CCCCCCCCCCC)N([H])[C@@H](C)C(N([H])[C@@H](C(O)=O)CCC(N([H])[C@H](C(O)=O)CCC[C@@H](C(N([H])[H])=O)N([H])[H])=O)=O,FDA PEP,Tabilautide
O=C([C@@H](CC1=CC2=CC=CC=C2C=C1)N(C)C(/C=C/CC(C)(C)N([H])[H])=O)N(C)[C@@H](C(N([H])C)=O)CC3=CC=CC=C3,FDA PEP,Tabimorelin
OC([C@@H]1[C@]2([H])[C@@]1([H])CC[C@]2(C(O)=O)N([H])C([C@H](C)N([H])[H])=O)=O,FDA PEP,Talaglumetad
O=C([C@H]1N(C([C@H](C(C)C)N(C)C([C@H](C(C)C)N([H])C([C@H](C(C)C)N(C)C)=O)=O)=O)CCC1)N2[C@H](C(N([H])C(C)(C)C)=O)CCC2,FDA PEP,Tasidotin
ClC1=CC([C@H]([C@@H]2NC([C@@H](C3=CC=C(C(C(C(O[C@H]([C@H]([C@H]4O)O)O[C@H](CO)[C@H]4O)=CC(O)=C5)=C5[C@@H](C(O)=O)NC2=O)=C3)O)NC6=O)=O)O[C@@H]([C@@H]([C@H]7O)NC(C)=O)O[C@H](CO)[C@H]7O)=CC=C1OC8=CC([C@H]6NC([C@H](C9=CC(O)=CC(OC%10=C%11O)=C9)NC([C@@H]%12NC([C@@H](C(C=C%11)=C%10)N)=O)=O)=O)=CC(OC%13=CC=C(C%12)C=C%13Cl)=C8O[C@@H]([C@@H]([C@H]%14O)NC(CCCCCCCCC)=O)O[C@H](CO)[C@H]%14O,FDA PEP,teicoplanin
O=C([C@H]1N(C([C@H](C(C)(C)C)NC([C@H](C2CCCCC2)NC(C3=CN=CC=N3)=O)=O)=O)C[C@@]4([H])[C@]1([H])CCC4)N[C@@H](CCC)C(C(NC5CC5)=O)=O,FDA PEP,telaprevir
CCCCCCCCCCNCCN[C@@]1(C)C[C@@H](O[C@@H](C)[C@H]1O)O[C@H]([C@H]2O)[C@@H](O[C@H](CO)[C@H]2O)OC(C(OC3=C(Cl)C=C(C=C3)[C@H]([C@@H](C(N[C@@H](C4=CC(O)=C(CNCP(O)(O)=O)C(O)=C54)C(O)=O)=O)NC6=O)O)=CC7=C8)=C8OC(C(Cl)=C9)=CC=C9[C@H]([C@@H](NC([C@H](NC)CC(C)C)=O)C(N[C@@H](CC(N)=O)C(N[C@H]7C(N[C@@H]6C%10=CC5=C(O)C=C%10)=O)=O)=O)O,FDA PEP,telavancin
O=C([C@H](CC(O)=O)NC([C@H](CCCCN)NC([C@H](CCCNC(N)=N)N)=O)=O)N[C@@H](C(C)C)C(N[C@H](C(O)=O)CC(C=C1)=CC=C1O)=O,FDA PEP,Thymopentin
O=C([C@H]([C@@H](C)CC)N([H])C([C@H](CCCCN([H])[H])N([H])C([C@H](CCC(N([H])[H])=O)N([H])C([C@H](CCC(O)=O)N([H])C([C@H](CC1=CN([H])C2=CC=CC=C12)N([H])C([C@H](CCC(O)=O)N([H])C([C@H](CCC(N([H])[H])=O)N([H])C([C@H](CC3=CN([H])C4=CC=CC=C34)N([H])C(C)=O)=O)=O)=O)=O)=O)=O)=O)N([H])[C@H](C(N([H])[C@@H](C)C(N([H])[C@H](C(N([H])[C@H](C(N([H])[C@H](C(N([H])[C@H](C(N([H])[C@@H](C)C(N([H])[C@@H](CCC(N([H])[H])=O)C(N([H])[C@H](C(N([H])[C@H](C(N([H])[C@H](C(N([H])[C@H](C(N([H])[C@H](C(N([H])[C@@H](CC(N([H])[H])=O)C(N([H])[C@@H](CCC(O)=O)C(N([H])[C@@H](CC(C=C5)=CC=C5O)C(N([H])[C@@H](CCC(O)=O)C(N([H])[C@H](C(N([H])[C@@H](CCC(N([H])[H])=O)C(N([H])[C@H](C(N([H])[C@H](C(N([H])[C@@H](CC(O)=O)C(N([H])[C@H](C(N([H])[C@H](C(N([H])[C@@H](C)C(N([H])[C@@H](CO)C(N([H])[C@H](C(N([H])[C@H](C(N([H])[C@H](C(N([H])[C@H](C(N([H])[C@H](C(N([H])[H])=O)CC6=CC=CC=C6)=O)CC7=CN([H])C8=CC=CC=C78)=O)CCC(O)=O)=O)CC9=CN([H])C%10=CC=CC=C9%10)=O)CC(C)C)=O)=O)=O)CC%11=CN([H])C%12=CC=CC=C%11%12)=O)CCCCN([H])[H])=O)=O)CC(C)C)=O)CCCCN([H])[H])=O)=O)CC(C)C)=O)=O)=O)=O)=O)CCCCN([H])[H])=O)CCC(O)=O)=O)CCC(N([H])[H])=O)=O)CCC(N([H])[H])=O)=O)[C@@H](C)CC)=O)=O)=O)CCC(N([H])[H])=O)=O)CCC(O)=O)=O)CC(C)C)=O)CC(C)C)=O)=O)[C@@H](C)O,FDA PEP,Tifuvirtide
SC(C)C(NCC(O)=O)=O,FDA PEP,Tiopronin
O=C(OC)[C@@H](NC([C@@H](NC([C@@H](NC(C)=O)CC1=CC=CC=C1)=O)CC2=CC=CC=C2)=O)CC3=CNC=N3,FDA PEP,Triletide
FC1=CC=C(C=C1)C[C@H]2NC([C@@H](C)N(C)C([C@H](C3CC3)NC[C@@H](C)OC(C=CC=C4)=C4CCCNC2=O)=O)=O,FDA PEP,Ulimorelin
ClC1=CC([C@H]([C@@H](NC([C@H](NC)CC(C)C)=O)C(N[C@@H](CC(N)=O)C(N[C@H]2C(N[C@@H]3C4=CC5=C(O)C=C4)=O)=O)=O)O)=CC=C1OC6=C(C(OC7=C(Cl)C=C(C=C7)[C@H]([C@@H](C(N[C@@H](C8=CC(O)=CC(O)=C58)C(O)=O)=O)NC3=O)O)=CC2=C6)O[C@H](O[C@H](CO)[C@H]9O)[C@H](O[C@H](O[C@@H](C)[C@H]%10O)C[C@]%10(C)N)[C@H]9O,FDA PEP,Vancomycin
NC([C@@H](CCCNC(N)=N)NC([C@H](NC([C@@H](CCCNC(N)=N)NC([C@@H](CCCNC(N)=N)NC([C@@H](CCCNC(N)=N)NC([C@H](NC([C@H](NC(C)=O)CSSC[C@H](N)C(O)=O)=O)C)=O)=O)=O)=O)C)=O)=O,FDA PEP,Velcalcetide
O=C([C@H](CC(C)C)N([H])C([C@H](CCCN([H])/C(N([H])[H])=N\[H])N([H])C([C@H](CO)N([H])C([C@@](CSSC[C@](C(N([H])[C@H](C(N([H])[C@@H](CO)C(N([H])C1)=O)=O)CCCN([H])/C(N([H])[H])=N\[H])=O)([H])N([H])C([C@H](CO)N([H])C2=O)=O)([H])N([H])C([C@H](CCCCN([H])[H])N([H])C([C@H](C)N([H])C(CN([H])C([C@H](CCCCN([H])[H])N([H])C(CN([H])C([C@H](CCCCN([H])[H])N([H])C3=O)=O)=O)=O)=O)=O)=O)=O)=O)=O)N([H])[C@H](C(N([H])[C@H](C(N([H])[C@H](C(N([H])[C@@](C(N([H])[C@@](C(N([H])[C@@](C(N([H])C2)=O)([H])[C@@H](C)O)=O)([H])CSSC[C@@H]3N([H])[H])=O)([H])CSSC[C@@H](C(N([H])[H])=O)N([H])C([C@H](CCCCN([H])[H])N([H])C1=O)=O)=O)CC(O)=O)=O)CC(C=C4)=CC=C4O)=O)CCSC,FDA PEP,ziconotide
S1SC[C@@H]2NC(=O)[C@@H](NC(=O)[C@@H](NC(=O)[C@@H](NC(=O)[C@@H](NC(=O)[C@@H](NC(=O)[C@@H](NC(=O)[C@@H](NC(=O)[C@@H](NC(=O)[C@@H](NC(=O)[C@@H](NC(=O)[C@@H](N)CC(=O)N)CC(O)=O)CCC(O)=O)C1)CCC(O)=O)CC(C)C)CSSC[C@H](NC(=O)CNC(=O)[C@@H](NC2=O)[C@H](O)C)C(=O)N[C@@H](CC(C)C)C(O)=O)C(C)C)CC(=O)N)C(C)C)C,FDA PEP,Plecanatide
S(SC[C@H](N)C(O)=O)C[C@@H](NC(=O)C)C(=O)N[C@@H](C(=O)N[C@H](CCCNC(N)=N)C(=O)N[C@H](CCCNC(N)=N)C(=O)N[C@H](CCCNC(N)=N)C(=O)N[C@@H](C(=O)N[C@H](CCCNC(N)=N)C(=O)N)C)C,FDA PEP,Etelcalcetide
O1CC=CC2CN(CCC2CC(=O)N2CCN(CC2)C=O)C(=O)CN(Cc2c1cccc2)Cc1ccncc1,MACRO,589673
S1(=O)(=O)NCC(O)CN(CC2(CC(O)C(O)C2)COc2cc(ccc12)-c1cc(ccc1)C(F)(F)F)Cc1ncccc1,MACRO,590033
O1C2CNC(=O)C3N(CCN(C3)C3CCCCC3)C(=O)c3c(OCCC1CCC2NC(=O)CC(C)(C)C)cccc3,MACRO,m453
O1CCCC2CN(CCC2CC(=O)NCc2ccccc2)C(=O)CN(Cc2c1cccc2)Cc1ncccc1,MACRO,m1085
FC(F)(F)Oc1ccc(cc1)CN1C2CC(NC(=O)CC3OC(CN(CC4OCCN(C4)C2=O)C(=O)CC(C)(C)C)C(O)C3O)C1,MACRO,m115
Clc1ccc(cc1F)CN1CC2N(CC1)C(=O)c1c(OCCC3OC(CNC2=O)C(O)CC3)cc(cc1)-c1cn(nc1)C,MACRO,m77
S(=O)(=O)(NC1C2OC(CC1)CCOc1c(cccc1)C(=O)NC1CC(N(C1)Cc1cc(F)c(F)cc1)C(=O)NC2)C,MACRO,m1372
O1C2CNC(=O)C3N(CCN(C3)Cc3cc(OC)ccc3)C(=O)c3c(OCCC1CCC2O)cc(cc3)-c1ccccc1,MACRO,m640
O1C2CNC(=O)C3N(CCN(C3)Cc3ccccc3O)C(=O)c3c(OCCC1CCC2O)cccc3,MACRO,m522
O1CC=CC2CN(CCC2CC(=O)N(CC)CC)C(=O)CN(Cc2c1cccc2)C(=O)c1ccccc1OC,MACRO,589649
O1C2CNC(=O)C3N(CCN(C3)Cc3ccccc3O)C(=O)c3c(OCCC4OC(CNC(=O)C5N(CCN(C5)Cc5ccccc5O)C(=O)c5c(OCCC1CCC2O)cccc5)C(O)CC4)cccc3,MACRO,m703
O1C2CNC(=O)C3N(CC(NC(=O)c4c(OCCC1CCC2O)cc(cc4)-c1ccncc1)C3)CC(C)(C)C,MACRO,m966
O1C2CNC(=O)C3N(CC(NC(=O)c4c(OCCC1CCC2O)cccc4)C3)C1CCCCC1,MACRO,m1112
S(=O)(=O)(NC1C2OC(CC1)CCOc1c(cccc1)C(=O)N1C(CN(CC1)C1CCC1)C(=O)NC2)C,MACRO,m1378
Fc1ccc(cc1)CN1C2CC(NC(=O)CC3OC(CN(CC4OCCN(C4)C2=O)C(=O)C)C(O)C3O)C1,MACRO,m252
O1C2CNC(=O)C3N(CCN(C3)Cc3ccccc3O)C(=O)c3c(OCCC1CCC2NC(=O)C1CCOCC1)cccc3,MACRO,m607
O1C2CC(=O)NC3CC(N(C3)Cc3ccncc3)C(=O)N3CC(OCC3)CN(CC1C(O)C2O)C(=O)C1CC1,MACRO,m1016
Clc1cc(ccc1)CN1C2CC(NC(=O)CC3OC(CNC(=O)C4N(CCN(C4)C2=O)C(=O)COc2ccccc2)C(O)C3O)C1,MACRO,m27
O1C2CC(=O)NC3CC(N(C3)Cc3cc4OCOc4cc3)C(=O)N3CC(N(CC3)C(=O)C3CCOCC3)C(=O)NCC1C(O)C2O,MACRO,m843
O1C2CNC(=O)C3N(CCNC3)C(=O)c3c(OCCC1CCC2NC(=O)CC(C)(C)C)cccc3,MACRO,m347
O1C2CNC(=O)C3N(CC(NC(=O)c4c(OCCC1CCC2O)cc(cc4)C1CCCC1)C3)Cc1cccnc1,MACRO,m1179
O1C2CNC(=O)C3N(CCNC3)C(=O)c3c(OCCC1CCC2O)cc(cc3)-c1cn(nc1)C,MACRO,m540
FC(F)(F)c1ccc(cc1)CN1C2CC(NC(=O)CC3OC(CN(CC4OCCN(C4)C2=O)C(=O)COC)C(O)C3O)C1,MACRO,m87
Fc1ccc(cc1)CN1CC2N(CC1)C(=O)c1c(OCCC3OC(CCC3)CNC2=O)cccc1,MACRO,m261
O1CC=CC2CN(CCC2CC(=O)N(CCc2ncccc2)C)C(=O)CNCc2cc(N3CCCC3COC)ccc12,MACRO,m551
Clc1cc(ccc1)CN1CC2N(CC1)C(=O)c1c(OCCC3OC(CNC2=O)C(NC(=O)C)CC3)cccc1,MACRO,m31
O1C2CC=CC1CNC(=O)C1N(CCNC1)C(=O)c1c(OCC2)cccc1,MACRO,m332
O1C2CNC(=O)C3N(CCN(C3)Cc3ccc(NC(=O)C)cc3)C(=O)c3c(OCCC1CCC2O)cc(cc3)-c1cn(nc1)C,MACRO,m663
Fc1ccc(cc1)C(=O)N1C2CN(CC1)C(=O)C1N(CC(NC(=O)CC3OC(CNC2=O)C(O)C3O)C1)Cc1[nH]ccn1,MACRO,m285
O1C2CC(=O)NC3CC(N(C3)Cc3ccc(cc3)C#N)C(=O)N3CC(OCC3)CN(CC1C(O)C2O)C(=O)C1CCOCC1,MACRO,m1038
o1nc(C)c(CN2CC3N(CC2)C(=O)c2c(OCCC4OC(CNC3=O)C(NC(=O)NC(C)C)CC4)cccc2)c1C,MACRO,m503
FC(F)(F)Oc1ccc(cc1)CN1C2CC(NC(=O)CC3OC(CNC(=O)C4N(CCN(C4)C2=O)C(=O)C)C(O)C3O)C1,MACRO,m111
S(=O)(=O)(N1C2CN(CC1)C(=O)C1N(CC(NC(=O)CC3OC(CNC2=O)C(O)C3O)C1)Cc1ccncc1)c1cc(F)ccc1,MACRO,m1270
O1C2CC(=O)NC3CC(N(C3)C3CCC3)C(=O)N3CC(OCC3)CN(CC1C(O)C2O)C(=O)COC,MACRO,m910
S1(=O)(=O)NCC(O)CN(CC2(CC(O)C(O)C2)COc2cc(ccc12)-c1cccnc1)Cc1ccncc1,MACRO,m1443
O1C2CCCC1CNC(=O)C1N(CCN(C1)C1CCN(CC1)C)C(=O)c1c(OCC2)cccc1,MACRO,m399
O1C2CNC(=O)C3N(CCN(C3)C3CCC3)C(=O)c3c(OCCC1CCC2NC(=O)C)cccc3,MACRO,m423
Clc1ccc(cc1F)CN1C2CC(NC(=O)CC3OC(CNC(=O)C4N(S(=O)(=O)c5cc(F)ccc5)CCN(C4)C2=O)C(O)C3O)C1,MACRO,m75
O1CC=CC2CN(CCC2CC(=O)NCCOC)C(=O)CN(Cc2c1cccc2)C1CCC1,MACRO,589782
O1C2CC(=O)NC3CC(N(C3)C3CCNCC3)C(=O)N3CC(OCC3)CN(CC1C(O)C2O)C(=O)NC(C)C,MACRO,m938
O1C2CNC(=O)C3N(CC(NC(=O)c4c(OCCC1CCC2O)cc(cc4)C1CCCC1)C3)Cc1[nH]ccn1,MACRO,m1184
O1C2CNC(=O)C3N(CC(NC(=O)c4c(OCCC1CCC2O)cc(cc4)C1CCCC1)C3)C1CCCCC1,MACRO,m1115
O1C2CC(=O)NC3CC(N(C3)Cc3ccc(cc3)C#N)C(=O)N3CC(N(CC3)C(=O)C3CC3)C(=O)NCC1C(O)C2O,MACRO,m789
S1(=O)(=O)NCC(O)CN(CC2(CC(O)C(O)C2)COc2c1cccc2)C,MACRO,m1408
O1C2CC(=O)NC3CC(N(C3)Cc3[nH]ccn3)C(=O)N3CC(N(CC3)C(=O)C3CCOCC3)C(=O)NCC1C(O)C2O,MACRO,m806
O1C2CNC(=O)C3N(CCN(C3)Cc3cccnc3)C(=O)c3c(OCCC1CCC2n1nnc(c1)COC)cccc3,MACRO,m591
O1C2CC(=O)NC3CC(N(C3)Cc3ccc(NC(=O)C)cc3)C(=O)N3CC(OCC3)CN(CC1C(O)C2O)C(=O)CC(C)(C)C,MACRO,m883
O1C2CC(=O)NC3CC(N(C3)CC3CC3)C(=O)N3CC(N(CC3)C(=O)COc3ccccc3)C(=O)NCC1C(O)C2O,MACRO,m818
O1C2CNC(=O)C3N(CCN(C3)Cc3cccnc3)C(=O)c3c(OCCC1CCC2O)cc(cc3)-c1ccccc1,MACRO,m645
S(=O)(=O)(N1C2CN(CC1)C(=O)C1N(CC(NC(=O)CC3OC(CNC2=O)C(O)C3O)C1)Cc1cc2OCOc2cc1)C,MACRO,m1289
FC1(F)CCC(N2C3CC(NC(=O)c4c(OCCC5OC(CNC3=O)C(O)CC5)cc(cc4)-c3ccccc3)C2)CC1,MACRO,m311
S(=O)(=O)(C)c1ccc(cc1)CN1C2CC(NC(=O)CC3OC(CNC(=O)C4N(CCN(C4)C2=O)C(=O)C2CCOCC2)C(O)C3O)C1,MACRO,m1243
O1C2CC(=O)NC3CC(N(C3)C)C(=O)N3CC(N(CC3)C(=O)COc3ccccc3)C(=O)NCC1C(O)C2O,MACRO,m779
O1C2CC(=O)NC3CC(N(C3)C3CCN(CC3)C)C(=O)N3CC(N(CC3)C(=O)C)C(=O)NCC1C(O)C2O,MACRO,m754
S(=O)(=O)(C)c1ccc(cc1)CN1C2CC(NC(=O)c3c(OCCC4OC(CNC2=O)C(O)CC4)cc(cc3)C2CCCC2)C1,MACRO,m1235
O1C2CNC(=O)C3N(CCNC3)C(=O)c3c(OCCC1CCC2n1nnc(c1)C(C)(C)C)cccc3,MACRO,m417
O1C2CC(=O)NC3CC(N(C3)C(C)C)C(=O)N3CC(N(CC3)C(=O)COc3ccccc3)C(=O)NCC1C(O)C2O,MACRO,m778
S(=O)(=O)(N1CC2OC(CC(=O)NC3CC(N(C3)Cc3ccccc3)C(=O)N3CC(OCC3)C1)C(O)C2O)c1cc(F)ccc1,MACRO,m1322
O1C2CC(=O)NC3CC(N(C3)C3CCC3)C(=O)N3CC(N(CC3)C(=O)C3CC3)C(=O)NCC1C(O)C2O,MACRO,m823
Clc1ccc(cc1F)CN1C2CC(NC(=O)CC3OC(CNC(=O)C4N(CCN(C4)C2=O)C(=O)C2CCOCC2)C(O)C3O)C1,MACRO,m72
O1C2CC(=O)NC3CC(N(C3)C)C(=O)N3CC(OCC3)CN(CC1C(O)C2O)C(=O)COC,MACRO,m901
O1C2CNC(=O)C3N(CCN(C3)Cc3ccc(cc3)C#N)C(=O)c3c(OCCC1CCC2n1nnc(c1)COC)cccc3,MACRO,m587
O1CC=CC2CN(CCC2CC(=O)NC(C)C)C(=O)CN(Cc2c1cccc2)C,MACRO,589745
O1C2CC(=O)NC3CC(N(C3)Cc3ccccc3)C(=O)N3CC(OCC3)CN(CC1C(O)C2O)C(=O)C,MACRO,m862
Fc1cc(ccc1F)CN1CC2OC(CC(=O)NC3CC(N(C3)Cc3ccccc3O)C(=O)N3CC(OCC3)C1)C(O)C2O,MACRO,m193
O1CC(N2CC3N(CC2)C(=O)c2c(OCCC4OC(CNC3=O)C(NC(=O)NC(C)C)CC4)cccc2)C1,MACRO,m501
O1C2CNC(=O)C3N(CCN(C3)Cc3ccccc3)C(=O)c3c(OCCC1CCC2NC(=O)C)cccc3,MACRO,m437
O1CC=CC2CN(CCC2CC(=O)N(Cc2cccnc2)C)C(=O)CNCc2cc(N3CCCC3COC)ccc12,MACRO,m550
S(=O)(=O)(N1CC2OC(CC(=O)NC3CC(N(C3)Cc3cccnc3)C(=O)N3CC(OCC3)C1)C(O)C2O)C,MACRO,m1325
O1C2CC(=O)NC3CC(N(C3)Cc3nc[nH]c3)C(=O)N3CC(N(CC3)C(=O)C)C(=O)NCC1C(O)C2O,MACRO,m729
O1CC=CC2CN(CCC2CC(=O)N2CCN(CC2)C)C(=O)CN(Cc2c1cccc2)CCC,MACRO,589830
S(=O)(=O)(C)c1ccc(cc1)CN1CC2N(CC1)C(=O)c1c(OCCC3OC(CNC2=O)C(n2nnc(c2)COC)CC3)cccc1,MACRO,m1248
S(=O)(=O)(N1CC(=O)N2CC(CCCOc3c(C1)cccc3)C(CC2)CC(=O)N(CCc1ncccc1)C)C,MACRO,m1293
O1C2CC(=O)NC3CC(N(C3)Cc3cccnc3)C(=O)N3CC(N(CC3)C(=O)C3CCOCC3)C(=O)NCC1C(O)C2O,MACRO,m805
O1C2CC(=O)NC3CC(N(C3)Cc3nc[nH]c3)C(=O)N3CC(N(CC3)C(=O)C3CCOCC3)C(=O)NCC1C(O)C2O,MACRO,m810
S(=O)(=O)(N1CC2OC(CC(=O)NC3CC(N(C3)C3Cc4c(C3)cccc4)C(=O)N3CC(OCC3)C1)C(O)C2O)c1cc(F)ccc1,MACRO,m1362
O1C2CC=CC1CNC(=O)C1N(CCN(C1)Cc1ccncc1)C(=O)c1c(OCC2)cccc1,MACRO,m389
Fc1ccc(cc1)CN1CC2N(CC1)C(=O)c1c(OCCC3OC(CNC2=O)C(O)CC3)cccc1,MACRO,m259
O1C2CNC(=O)C3N(CCN(C3)C3CCC3)C(=O)c3c(OCCC1CCC2O)cc(cc3)-c1cn(nc1)C,MACRO,m651
S(=O)(=O)(N1C2CN(CC1)C(=O)C1N(CC(NC(=O)CC3OC(CNC2=O)C(O)C3O)C1)Cc1cc2OCOc2cc1)c1cc(F)ccc1,MACRO,m1290
O1CC=CC2CN(CCC2CC(=O)N2CCN(CC2)C)C(=O)CN(Cc2c1cccc2)C1CCN(CC1)C,MACRO,589828
O1C2CNC(=O)C3N(CCN(C3)Cc3ccc(cc3)C(O)=O)C(=O)c3c(OCCC1CCC2n1nnc(c1)COC)cccc3,MACRO,m588
O1C2CC(=O)NC3CC(N(C3)Cc3nc[nH]c3)C(=O)N3CC(OCC3)CN(CC1C(O)C2O)C(=O)CC(C)(C)C,MACRO,m891
O1C2CNC(=O)C3N(CC(NC(=O)c4c(OCCC1CCC2O)cc(cc4)-c1ccccc1)C3)C1CCCC1,MACRO,m1108
FC(F)(F)Oc1ccc(cc1)CN1C2CC(NC(=O)CC3OC(CNC(=O)C4N(CCN(C4)C2=O)C(=O)COc2ccccc2)C(O)C3O)C1,MACRO,m132
Clc1cc(ccc1)CN1C2CC(NC(=O)CC3OC(CN(CC4OCCN(C4)C2=O)C(=O)C2CC2)C(O)C3O)C1,MACRO,m22
O1CC=CC2CN(CCC2CC(=O)N2CCN(CC2)C=O)C(=O)CN(Cc2c1cccc2)C(=O)C1CCCCC1,MACRO,589687
O1CCN(CC1)C(=O)CC1C2C=CCOc3c(CN(CC(=O)N(C2)CC1)Cc1ccncc1)cccc3,MACRO,589873
S(=O)(=O)(NC1C2OC(CC1)CCOc1c(cccc1)C(=O)N1C(CN(CC1)Cc1cc(F)c(F)cc1)C(=O)NC2)C,MACRO,m1388
O1C2CNC(=O)C3N(CCN(C3)C3CCC3)C(=O)c3c(OCCC1CCC2NC(=O)COC)cccc3,MACRO,m474
O1C2CNC(=O)C3N(CCN(C3)C3CCN(CC3)C)C(=O)c3c(OCCC1CCC2NC(=O)C)cccc3,MACRO,m427
s1cc(cc1)CN1CC2N(CC1)C(=O)c1c(OCCC3OC(CNC2=O)C(O)CC3)cccc1,MACRO,m1491
O1CCC(N2CC(=O)N3CC(C=CCOc4c(C2)cccc4)C(CC3)CC(=O)N2CCOCC2)CC1,MACRO,589875
FC1(F)CCC(N2CC3N(CC2)C(=O)c2c(OCCC4OC(CNC3=O)C(O)CC4)cc(cc2)-c2cn(nc2)C)CC1,MACRO,m322
O1CC=CC2CN(CCC2CC(=O)NCCN2CCCC2)C(=O)CN(Cc2c1cccc2)CC(C)(C)C,MACRO,589949
FC(F)(F)c1ccc(cc1)CN1CC2N(CC1)C(=O)c1c(OCCC3OC(CNC2=O)C(NC(=O)CC(C)(C)C)CC3)cccc1,MACRO,m90
O1C2CNC(=O)C3N(CCN(C3)Cc3ccc(NC(=O)C)cc3)C(=O)c3c(OCCC1CCC2NC(=O)C1CCOCC1)cccc3,MACRO,m612
O1C2CC(=O)NC3CC(N(C3)Cc3cccnc3)C(=O)N3CC(OCC3)CN(CC1C(O)C2O)C(=O)CC(C)(C)C,MACRO,m886
O1C2CNC(=O)C3N(CC(NC(=O)c4c(OCCC1CCC2O)cc(cc4)-c1cn(nc1)C)C3)C1CCCC1,MACRO,m1111
O1CC=CC2CN(CCC2CC(=O)NCc2ccncc2)C(=O)CNCc2cc(N3CCCC3COC)ccc12,MACRO,m552
O1C2CNC(=O)C3N(CC(NC(=O)c4c(OCCC1CCC2O)cc(cc4)-c1cn(nc1)C)C3)C(C)C,MACRO,m957
O1C2CC(=O)NC3CC(N(C3)C3CCNCC3)C(=O)N3CC(OCC3)CN(CC1C(O)C2O)C(=O)C1CC1,MACRO,m1028
O1CC(N2CC3N(CC2)C(=O)c2c(OCCC4OC(CNC3=O)C(n3nnc(c3)CN3CCOCC3)CC4)cccc2)C1,MACRO,m680
O1C2CC=CC1CNC(=O)C1N(CCN(C1)C)C(=O)c1c(OCC2)cccc1,MACRO,m331
O1C2CNC(=O)C3N(CCN(C3)Cc3[nH]ccn3)C(=O)c3c(OCCC4OC(CNC(=O)C5N(CCN(C5)Cc5[nH]ccn5)C(=O)c5c(OCCC1CCC2O)cccc5)C(O)CC4)cccc3,MACRO,m704
Fc1cc(ccc1F)CN1C2CN(CC1)C(=O)C1N(CC(NC(=O)CC3OC(CNC2=O)C(O)C3O)C1)Cc1ccc(cc1)C(F)(F)F,MACRO,m153
Fc1cc(ccc1F)CN1CC2N(CC1)C(=O)c1c(OCCC3OC(CNC2=O)C(n2nnc(c2)CN2CCOCC2)CC3)cccc1,MACRO,m231
S(=O)(=O)(C)c1ccc(cc1)CN1C2CC(NC(=O)c3c(OCCC4OC(CCC4)CNC2=O)cccc3)C1,MACRO,m1218
S(=O)(=O)(NC1C2OC(CC1)CCOc1c(cccc1)C(=O)N1C(CN(CC1)C1COC1)C(=O)NC2)C,MACRO,m1385
O1CC=CC2CN(CCC2CC(=O)NCCOC)C(=O)CN(Cc2c1cccc2)C(=O)COC,MACRO,589810
O1C2CC(=O)NC3CC(N(C3)Cc3cc4OCOc4cc3)C(=O)N3CC(N(CC3)C(=O)COC)C(=O)NCC1C(O)C2O,MACRO,m786
S1(=O)(=O)NCC(O)CN(CC2(CC(O)C(O)C2)COc2cc(ccc12)-c1cc(ccc1)C(F)(F)F)Cc1cc2OCOc2cc1,MACRO,590015
O1CCN(CC1)c1cc2CNCC(=O)N3CC(C=CCOc2cc1)C(CC3)CC(=O)NCCNC(=O)C,MACRO,m376
O1C2CC(=O)NC3CC(N(C3)Cc3ccc(cc3)C#N)C(=O)N3CC(N(CC3)C(=O)COc3ccccc3)C(=O)NCC1C(O)C2O,MACRO,m812
O1C2CC(=O)NC3CC(N(C3)Cc3ccncc3)C(=O)N3CC(N(CC3)C(=O)C)C(=O)NCC1C(O)C2O,MACRO,m725
O1CC=CC2CN(CCC2CC(=O)NCCOC)C(=O)CN(Cc2c1cccc2)Cc1ccccc1,MACRO,589781
O1C2CC(=O)NC3CC(N(C3)C3CCC3)C(=O)N3CC(OCC3)CN(CC1C(O)C2O)C(=O)NC(C)C,MACRO,m933
Clc1ccc(cc1F)CN1C2CC(NC(=O)c3c(OCCC4OC(CNC2=O)C(O)CC4)cccc3)C1,MACRO,m44
FC(F)(F)Oc1ccc(cc1)CN1C2CC(NC(=O)CC3OC(CN(CC4OCCN(C4)C2=O)C(=O)C)C(O)C3O)C1,MACRO,m114
O1C2CNC(=O)C3N(CC(NC(=O)c4c(OCCC1CCC2O)cc(cc4)-c1ccncc1)C3)Cc1ccc(cc1)C#N,MACRO,m1154
O1C2CNC(=O)C3N(CCN(C3)Cc3cccnc3)C(=O)c3c(OCCC1CCC2NC(=O)COC)cccc3,MACRO,m488
O1C2CNC(=O)C3N(CC(NC(=O)c4c(OCCC1CCC2O)cc(cc4)C1CCCC1)C3)C1Cc2c(C1)cccc2,MACRO,m1210
O1CC=CC2CN(CCC2CC(O)=O)C(=O)CNCc2cc(N(CCc3ncccc3)C)ccc12,MACRO,m369
O1CC=CC2CN(CCC2CC(=O)NCc2ccncc2)C(=O)CNCc2cc(N3CCNCC3)ccc12,MACRO,m560
Clc1cc(ccc1)CN1CC2N(CC1)C(=O)c1c(OCCC3OC(CNC2=O)C(O)CC3)cccc1,MACRO,m36
O1C2CNC(=O)C3N(CC(NC(=O)c4c(OCCC1CCC2OC)cccc4)C3)C(OC(C)(C)C)=O,MACRO,m945
S(=O)(=O)(NC1C2OC(CC1)CCOc1c(cccc1)C(=O)N1C(CN(CC1)C1CCN(CC1)C(=O)C)C(=O)NC2)C,MACRO,m1381
O1C2CC(=O)NC3CC(N(C3)CC3CC3)C(=O)N3CC(OCC3)CN(CC1C(O)C2O)C(=O)C,MACRO,m865
O1C2CC(=O)NC3CC(N(C3)C3CCOCC3)C(=O)N3CC(OCC3)CN(CC1C(O)C2O)C(=O)C1CCOCC1,MACRO,m1052
Clc1ccc(cc1F)CN1C2CC(NC(=O)CC3OC(CN(CC4OCCN(C4)C2=O)C(=O)C2CCOCC2)C(O)C3O)C1,MACRO,m69
S1(=O)(=O)NCC(O)CN(CC2(CC(O)C(O)C2)COc2c1cccc2)Cc1ccc(OC)cc1,MACRO,m1416
S1(=O)(=O)NCC(O)CN(CC2(CC(O)C(O)C2)COc2cc(ccc12)-c1ccccc1)Cc1ccc(F)cc1,MACRO,m1437
O1C2CC(=O)NC3CC(N(C3)C3CCCC3)C(=O)N3CC(OCC3)CN(CC1C(O)C2O)C(=O)COC,MACRO,m911
S1(=O)(=O)NCC(O)CN(CC2(CC(O)C(O)C2)COc2c1cccc2)Cc1oc(cc1)C,MACRO,m1429
O1C2CNC(=O)C3N(CC(NC(=O)c4c(OCCC1CCC2O)cc(cc4)-c1cn(nc1)C)C3)C1CCNCC1,MACRO,m1132
S(=O)(=O)(C)c1ccc(cc1)CN1C2CC(NC(=O)CC3OC(CN(CC4OCCN(C4)C2=O)Cc2cc(F)c(F)cc2)C(O)C3O)C1,MACRO,m1237
O1CC=CC2CN(CCC2CC(=O)N2CCN(CC2)C=O)C(=O)CN(Cc2c1cccc2)C,MACRO,589665
O1CCN(CC1)c1cc2CNCC(=O)N3CC(C=CCOc2cc1)C(CC3)CC(=O)NCCc1ccc(O)cc1,MACRO,m568
O1CCCC2CN(CCC2CC(=O)N(CCc2ncccc2)C)C(=O)CN(Cc2c1cccc2)Cc1cc(OC)ccc1,MACRO,m1058
FC1(F)CCC(N2CC3N(CC2)C(=O)c2c(OCCC4OC(CNC3=O)C(NC(=O)CC(C)(C)C)CC4)cccc2)CC1,MACRO,m273
S1(=O)(=O)NCC(O)CN(CC2(CC(O)C(O)C2)COc2cc(ccc12)-c1cc(ccc1)C(F)(F)F)Cc1ccncc1F,MACRO,590044
S1(=O)(=O)NCC(O)CN(CC2(CC(O)C(O)C2)COc2c1cccc2)Cc1cncnc1,MACRO,m1421
O1C2CNC(=O)C3N(CCN(C3)Cc3ccc(cc3)C(O)=O)C(=O)c3c(OCCC1CCC2NC(=O)C)cccc3,MACRO,m435
S1(=O)(=O)NCC(O)CN(CC2(CC(O)C(O)C2)COc2cc(ccc12)-c1cccnc1)Cc1ccccc1,MACRO,m1442
O1C2CC(=O)NC3CC(N(C3)Cc3ccncc3)C(=O)N3CC(N(CC3)C(=O)C3CCOCC3)C(=O)NCC1C(O)C2O,MACRO,m804
O1C2CC(=O)NC3CC(N(C3)C3CCCC3)C(=O)N3CC(OCC3)CN(CC1C(O)C2O)C(=O)C1CC1,MACRO,m1024
FC1(F)CCC(N2CC3N(CC2)C(=O)c2c(OCCC4OC(CNC3=O)C(NC(=O)C3CCOCC3)CC4)cccc2)CC1,MACRO,m324
O1C2CNC(=O)C3N(CCN(C3)Cc3ccc(NC(=O)C)cc3)C(=O)c3c(OCCC1CCC2NC(=O)NC(C)C)cccc3,MACRO,m505
O1C2CC(=O)NC3CC(N(C3)Cc3cc(OC)ccc3)C(=O)N3CC(OCC3)CN(CC1C(O)C2O)C(=O)CC(C)(C)C,MACRO,m881
O1C2CC(=O)NC3CC(N(C3)Cc3ccc(NC(=O)C)cc3)C(=O)N3CC(OCC3)CN(CC1C(O)C2O)C(=O)NC(C)C,MACRO,m924
O1C2CC(=O)NC3CC(N(C3)C(C)C)C(=O)N3CC(OCC3)CN(CC1C(O)C2O)C(=O)COC,MACRO,m900
O1CCC(CC1)C(=O)N1CC(=O)N2CC(C=CCOc3c(C1)cccc3)C(CC2)CC(=O)N1CCN(CC1)C=O,MACRO,589697
O1CC=CC2CN(CCC2CC(=O)NCCN2CCCC2)C(=O)CNCc2c1cccc2,MACRO,589959
FC1(F)CCC(N2C3CC(NC(=O)CC4OC(CN(CC5OCCN(C5)C3=O)C(=O)C)C(O)C4O)C2)CC1,MACRO,m268
S(=O)(=O)(N1CC2OC(CC(=O)NC3CC(N(C3)C3CCN(CC3)C(=O)C)C(=O)N3CC(OCC3)C1)C(O)C2O)c1cc(F)ccc1,MACRO,m1355
Clc1ccc(cc1F)CN1C2CC(NC(=O)CC3OC(CNC(=O)C4N(CCN(C4)C2=O)C(=O)C)C(O)C3O)C1,MACRO,m45
O1C2CNC(=O)C3N(CCN(C3)C(OC(C)(C)C)=O)C(=O)c3c(OCCC1CCC2O)cc(cc3)-c1ccccc1,MACRO,m532
O1CC=CC2CN(CCC2CC(=O)NC(C)C)C(=O)CN(Cc2c1cccc2)Cc1ncccc1,MACRO,589751
O1CC=CC2CN(CCC2CC(=O)NC2CC2)C(=O)CN(Cc2c1cccc2)Cc1ccccc1O,MACRO,589594
O1C2CNC(=O)C3N(CC(NC(=O)c4c(OCCC1CCC2O)cc(cc4)-c1cn(nc1)C)C3)CC,MACRO,m969
O1CCCC2CN(CCC2CC(=O)N2CCCC2COC)C(=O)CNCc2cc(N(CCc3ncccc3)C)ccc12,MACRO,m1062
O1C2CC(=O)NC3CC(N(C3)Cc3[nH]ccn3)C(=O)N3CC(N(CC3)C(=O)COc3ccccc3)C(=O)NCC1C(O)C2O,MACRO,m817
O1CC=CC2CN(CCC2CC(=O)NCCOC)C(=O)CN(Cc2c1cccc2)C(=O)c1nccnc1,MACRO,589814
Clc1cc(ccc1)CN1C2CC(NC(=O)CC3OC(CNC(=O)C4N(CCN(C4)C2=O)Cc2cc(F)c(F)cc2)C(O)C3O)C1,MACRO,m28
Clc1ccc(cc1F)CN1CC2N(CC1)C(=O)c1c(OCCC3OC(CNC2=O)C(NS(=O)(=O)C)CC3)cccc1,MACRO,m56
O1CCCC2CN(CCC2CC(=O)N(CCc2ncccc2)C)C(=O)CN(Cc2c1cccc2)CCC(C)C,MACRO,m1055
S(=O)(=O)(C)c1ccc(cc1)CN1C2CC(NC(=O)CC3OC(CN(CC4OCCN(C4)C2=O)C(=O)CC(C)(C)C)C(O)C3O)C1,MACRO,m1224
O1C2CC(=O)NC3CC(N(C3)CC3CCCCC3)C(=O)N3CC(N(CC3)C(=O)CC(C)(C)C)C(=O)NCC1C(O)C2O,MACRO,m739
S(=O)(=O)(C)c1ccc(cc1)CN1CC2N(CC1)C(=O)c1c(OCCC3OC(CNC2=O)C(O)CC3)cc(cc1)-c1cn(nc1)C,MACRO,m1247
FC(F)(F)c1ccc(cc1)CN1C2CC(NC(=O)CC3OC(CNC(=O)C4N(CCN(C4)C2=O)C(=O)COC)C(O)C3O)C1,MACRO,m84
O1C2CNC(=O)C3N(CC(NC(=O)c4c(OCCC1CCC2O)cc(cc4)-c1ccccc1)C3)Cc1ccccc1O,MACRO,m1141
O1C2CC(=O)NC3CC(N(C3)C3CCCC3)C(=O)N3CC(N(CC3)C(=O)COc3ccccc3)C(=O)NCC1C(O)C2O,MACRO,m837
O1C2CCCC1CNC(=O)C1N(CCN(C1)C1CCOCC1)C(=O)c1c(OCC2)cccc1,MACRO,m401
O1C2CC(=O)NC3CC(N(C3)Cc3nc[nH]c3)C(=O)N3CC(N(CC3)C(=O)C3CC3)C(=O)NCC1C(O)C2O,MACRO,m797
O=C(O)C67(C(O)CC8(C5(C(C4(C(C(C=O)(C(OC1(OC(C(=O)O)C(O)C(C1OC2(OC(C(O)C(C2O)O)CO))OC3(OCC(O)C(C3O)O)))CC4)C)CC5)(C))CC=C8(C6CC(C)(C)CC7))(C))(C)),NP,86
O=C3(OC2(=C(OC)C(OC1(OC(C(O)C(C1O)O)CO))=C(OC)C=C2C=C3)),NP,19
O=C(OC1(OC(C(O)C(C1O)O)C))CC2(=CC=CC=C2),NP,25
O=C(O)C(O)CCCCCCCCCCCC(O)CCOC2(OC(C(OC1(OC(C(O)C(C1OC(=O)CC(O)CCC)O)CO))C(C2O)O)COC(=O)C),NP,148
O=C6(OC(C(O)(C5(O)(C4(C(O)(C3(C(C2(C(=O)CC(OC1(OC(C(O)C(C1O)O)CO))CC2=CC3)(C))CC4))CC5O)(C)))C)CC(=C6C)C),NP,164
O=C(OC1(OC(C(OC(=O)C)C(C1OC4(OC(C(OC2(OCC(O)C(C2O)OC3(OCC(O)C(C3O)O)))C(C4O)O)C))OC5(OC(COC(=O)C)C(C5O)O))C))C%10%11(C(O)CC%12(C9(C(C8(C(C(C=O)(C(OC6(OC(C(=O)O)C(O)C(C6OC7(OC(C(O)C(C7O)O)CO))O))CC8)C)CC9)(C))CC=C%12(C%10CC(C)(C)CC%11))(C))(C)),NP,182
O=C(OC1(OC(C(OC(=O)C)C(C1OC3(OC(C(OC2(OCC(O)C(C2O)O))C(C3O)OC4(OC(C(O)C(C4O)O)CO))C))O)C))C%10%12(C(C9(=CCC%11(C8(C(C(C=O)(C(OC5(OC(C(=O)O)C(O)C(C5OC6(OC(C(O)C(C6O)O)CO))OC7(OCC(O)C(C7O)O)))CC8)C)CCC%11(C9(C)CC%10)(C))(C))))CC(C)(C)CC%12),NP,135
O=C(O)C1(=C(O)C(=C(OC)C(=C1CCC2(=CC=CC=C2))CC=C(C)C)CC=C(C)C),NP,113
O=C1(C(N)=CC(=O)C(=C1CC(CC(OC)C(O)C(C=C(C(OC(=O)N)C(OC)C=CC=C(C(=O)OC)C)C)C)C)OC),NP,188
O=C(OC2(OC(C(OC(=O)CC(O)CC(OC(=O)CC(O)CC(OC1(OC(CO)C(C1O)O))C(CC)C)C(CC)C)C(C2OC5(OC(C(OC3(OCC(O)C(C3O)OC4(OCC(C4O)(O)CO)))C(C5O)O)C))O)C))C%11%12(C(O)CC%13(C%10(C(C9(C(C(C=O)(C(OC6(OC(C(=O)O)C(O)C(C6OC7(OC(C(O)C(C7O)O)CO))OC8(OCC(O)C(C8O)O)))CC9)C)CC%10)(C))CC=C%13(C%11CC(C)(C)CC%12))(C))(C)),NP,131
O=C(O)CCC2(=C(OC)C1(=C(OC=C1)C=C2OC3(OC(C(O)C(C3OC4(OC(C(O)C(C4O)O)CO))O)CO))),NP,218
O=C4(C=CC5(C1(C(C23(C(=C)C(C1)(OC(C2(O)C(C)OC3=O)=O)C))(C)CCC5(C4(C)C)))(C)),NP,8
OC(C#CC#CC(O)CC)C=CCCCCCCC,NP,187
O=C(OC9(C(O)(C1(C8(OCC2(C1CCC3(C2(CCC4(C3(CCC(C4(C)C)OC5(OCC(O)C(C5OC6(OC(CO)C(C6O)O))OC7(OC(C(O)C(C7O)O)CO)))C))C))(C8))(OC9C(C(=C)C)C)))C))C,NP,88
O=C5(OC(C(O)(C4(O)(C3(C(O)(C2(C(C1(C(=O)C=CCC1=CC2)(C))CC3))CC4)(C)))C)CC(=C5C)C),NP,29
O=C1(C(=CCCC(C2(C(C1)C(C2)(C)C))=C)CO),NP,97
O=C1(C6(=C(OC(C1C3(C(=O)C2(=C(C=C(O)C=C2O)OC3C4(=CC=C(O)C=C4))))C5(=CC=C(O)C=C5))C=C(O)C=C6O)),NP,92
O=C1(C3(=C(C2(CCCC(C2(C1))(C(=O)O)C)(C))CCC(C3)(C=C)C)),NP,31
OC(C(O)C)(C(O)C)C,NP,244
O=C1(N(C(C(=O)O)CCC(=O)O)CC2(=C1C=C5(OC(CCC=C(C)C)(C)C3(C4(C5(=C2OC4(C(O)(CC3)C))))))),NP,64
O=C1(OCC=2(C1=C(O)C(=C(OC)C=2C)CCC(C(=O)O)C)),NP,246
O=C1(OC(CC(=O)NC(C(=O)NC(C(=O)NC(CC(C)C)C(NC(C(NC(C(NC(C(NC1CC(C)C)=O)CC(C)C)=O)CC(=O)O)=O)C(C)C)=O)CC(C)C)CCC(=O)O)CCCCCCCCC(C)C),NP,206
OC5(C(C4(C(C3(C(C2(C(C1(C(CCC1C(=C)C)(C)CC2))CC3)(C))(C)CC4))(C)CC5))(CO)C),NP,242
O=C(OCC)C=CC1(=CC(OC)=C(O)C=C1),NP,207
O1(C(OCCCCC)C(O)C(O)C(C1CO)O),NP,215
S(=O)(CC3(OC(N2(C1(=NC=NC(=C1N=C2)N)))C(C3O)O))C,NP,195
O=C5(C4(=C(O)C3(=C(OC1(OC(C(O)C(C1O)O)COC2(OC(C(O)C(C2O)O)CO)))C=C(OC)C=C3C=C4OC(=C5)C))),NP,81
O=C1(C(O)=C(C(=O)C=4(C1=C(O)C3(=C(C2(OC(=O)CC2OC3C))C=4)))C5(OC(C(O)C(C5)O)C)),NP,95
O=C1(C6(=C(OC(C1C3(C(=O)C2(=C(C=C(O)C=C2O)OC3C4(=CC=C(O)C=C4))))C5(=CC=C(O)C=C5))C=C(O)C=C6O)),NP,57
O=C(OC1(C(OC(CO)C(C1O)O)OC2(C(O)C(O)C(OCC(O)CCCCCCCCCCCCCC(=O)O)OC2COC(=O)C)))CC(O)CCC,NP,152
O2(C=C3(C(O)C1(C(CC(C1)(C)C)C(CC3(=C2))(O)C))),NP,99
O=C3(C=C1(C(CCC2(C1C(C(C)CC2)C)(C))(C)C5(C3C4(C(C(C(=O)O)(C(O)CC4)C)CC5)(C))(C))),NP,117
C[C@H](N)C(=O)N[C@@H](C1CCCCC1)C(=O)N1C[C@H](C[C@H]1C(=O)N[C@H]1CCCc2ccccc12)Oc1ccccc1,PPI,793	XIAP	PPI
COc1ccc(cc1S(=O)(=O)NC1CCNCC1)-c1c(C)noc1C,PPI,1641	BRD4	PPI
COC1(CCN(CC1)c1ccc(cc1)C(=O)NS(=O)(=O)c1ccc(N[C@H](CCN(C)C)CSc2ccccc2)c(c1)N(=O)=O)c1ccccc1F,PPI,234	Bcl-XL	PPI
OC(=O)[C@H](Cc1c[nH]c2ccccc12)NC(=O)c1ccccc1F,PPI,1074	LFA	PPI
OCCNCc1cc(Nc2ccc(NCCc3c[nH]c4ccccc34)cc2)ccn1,PPI,667	MDM2	PPI
CC1(C)CCC(=C(CN2CCN(CC2)c2ccc(cc2)C(=O)NS(=O)(=O)c2ccc(N[C@H](CCN3CCOCC3)CSc3ccccc3)c(c2)S(=O)(=O)C(F)(F)F)C1)c1ccc(Cl)cc1,PPI,383	BCL-2	PPI
CC[C@H](NC(=O)[C@H](C)NC)C(=O)N1CC[C@H]2NC[C@@H]([C@@H]12)c1c[nH]c2cc(F)ccc12,PPI,1530	XIAP	PPI
OC(=O)C1CCN(CC1)c1cc(ccn1)-c1ccc(Sc2ccc3OCCOc3c2)c(c1)C(F)(F)F,PPI,625	LFA	PPI
CCCCN(CCCC)C(=O)c1nn(c(C)c1Cl)-c1ccc(NC(=O)COc2ccccc2)cc1C(=O)N1CCc2ccccc2C1,PPI,1588	Bcl-XL	PPI
CC(C)c1ccccc1Sc1ccc(cc1C(F)(F)F)-c1ccnc(c1)N1CCCC1,PPI,976	LFA	PPI
Fc1ccc(cc1C#N)S(=O)(=O)N1[C@H]([C@@H](c2ccc(Cl)cc2)n2c1cccc2=O)c1ccc(Cl)cc1,PPI,621	MDM2	PPI
O[C@@H]1CCN(C1)c1cc(ccn1)-c1ccc(Sc2ccc3OCCOc3c2)c(c1)C(F)(F)F,PPI,654	LFA	PPI
OCc1cc(Nc2ccc(NCCc3c[nH]c4ccccc34)cc2)ccn1,PPI,1161	MDM2	PPI
CCCCN(CCCC)C(=O)c1cc(C)n(n1)-c1ccc(OCC(O)=O)cc1C(=O)N1CCc2ccccc2C1,PPI,551	BCL-2	PPI
COC1(CC(C)(C)C)CCN(CC1)c1ccc(cc1)C(=O)NS(=O)(=O)c1ccc(N[C@H](CCN(C)C)CSc2ccccc2)c(c1)N(=O)=O,PPI,1532	BCL-2	PPI
CN(C)CC[C@H](CSc1ccccc1)Nc1ccc(cc1N(=O)=O)S(=O)(=O)NC(=O)c1ccc(cc1)N1CCC(CC1)NCc1ccccc1-c1ccc(Cl)cc1,PPI,729	BCL-2	PPI
CN(C)CCCN1c2ccc(I)cc2C(=O)N(Cc2ccc(Cl)cc2N)[C@@H](c2ccc(Cl)cc2)C1=O,PPI,11	MDM2	PPI
COc1ccc2[nH]cc(CCNc3ccc(Nc4ccnc5ccccc45)cc3)c2c1,PPI,631	MDM2	PPI
COc1ccccc1Sc1ccc(cc1C(F)(F)F)-c1ccnc(c1)N1CCC(O)CC1,PPI,792	LFA	PPI
C[C@@H](N1[C@@H](c2ccc(Cl)cc2)C(=O)N(CCCN2CCN(C)CC2)c2ccc(I)cc2C1=O)c1ccc(Cl)cc1N,PPI,742	MDM2	PPI
CN[C@@H](C)C(=O)N[C@@H](C1CCOCC1)C(=O)N1CCC[C@H]1c1cc2nc(C)nc(-c3ccccc3)c2[nH]1,PPI,1269	XIAP	PPI
C[C@@H]1CCCN(C1)C(=O)Nc1sccc1C(O)=O,PPI,1660	VEGFR1	PPI
Cc1cccc2c(CCNc3ccc(Nc4ccncc4)cc3)c[nH]c12,PPI,634	MDM2	PPI
CC(C)C[C@@H](NC(N)=N)C(=O)NCC(=O)N1CCC(CC1)c1cc(nn1C)-c1ccc(OCc2ccc(CC(O)=O)cc2)c(Cl)c1Cl,PPI,229	IL2	PPI
C(Cc1c[nH]c2sccc12)Nc1ccc(Nc2ccncc2)cc1,PPI,726	MDM2	PPI
CO[C@@H](C)c1cc(Nc2ccc(NCCc3c[nH]c4ccccc34)cc2)ccn1,PPI,1217	MDM2	PPI
CC(C)(CO)C1CCN(CC1)C(=O)[C@@H](Cc1c[nH]c2ccccc12)Nc1ccc(Nc2ccncc2)cc1,PPI,1312	MDM2	PPI
Cc1ccc2c(NCc3ccc(NC(=O)c4ccc(F)cc4)cc3)nc(nc2c1)N1CCOCC1,PPI,853	TCF-4	PPI
CN1c2ncnn2[C@H](C2=C1c1ccccc1O[C@@H]2c1ccc(Cl)cc1)c1ccc(Br)cc1,PPI,236	MDM2	PPI
OC(=O)CCCCN1c2ccc(I)cc2C(=O)N([C@@H](C(O)=O)c2ccc(Cl)cc2)[C@@H](c2ccc(Cl)cc2)C1=O,PPI,173	MDM2	PPI
Cc1noc(C)c1-c1ccc(C)c(c1)S(=O)(=O)Nc1ccc(Cl)cc1,PPI,1616	BRD3	PPI
COc1ccc(cc1)-c1sc(nc1C(O)=O)-c1ccc2CCCN(C(=O)Nc3nc4ccccc4s3)c2c1,PPI,326	Bcl-w	PPI
Cn1ncc2c1nc(-c1cccc(c1)C(F)(F)F)c1c2[nH]n(-c2cccc(c2)C(=O)NCc2ccc(O)c(O)c2)c1=O,PPI,372	CD80	PPI
CN(C)CCNC(=O)[C@@H]1[C@@H](CO)[C@@H]2Cn3c(cccc3=O)[C@H]1N2c1nc(c(s1)-c1ccccc1)-c1ccc(Cl)cc1,PPI,920	BCL-2	PPI
COc1ccc(C2=N[C@](C)([C@H](N2C(=O)N2CCN(CC2)C(C)=O)c2ccc(Cl)cc2)c2ccc(Cl)cc2)c(OC(C)C)c1,PPI,474	MDM2	PPI
COC1(CCN(CC1)c1ccc(cc1)C(=O)NS(=O)(=O)c1ccc(N[C@H](CCN(C)C)CSc2ccccc2)c(c1)N(=O)=O)c1ccc(Cl)cc1,PPI,1241	Bcl-XL	PPI
OC(=O)[C@@H]1CCCN1c1cc(ccn1)-c1ccc(Sc2ccc3OCCOc3c2)c(c1)C(F)(F)F,PPI,432	LFA	PPI
CNc1nc(NCc2ccc(NC(=O)c3ccc(cc3)C#N)cc2)c2ccccc2n1,PPI,462	TCF-4	PPI
CN[C@@H](C)C(=O)N[C@@H](C1CCCCC1)C(=O)N1CC[C@@H]2[C@H]1[C@H](CN2C(=O)C(F)(F)F)c1c[nH]c2cc(F)ccc12,PPI,448	XIAP	PPI
CC(C)(C)C[C@H]1N[C@H]([C@H](c2ccc(F)c(Cl)c2)[C@@]11C(=O)Nc2cc(Cl)c(F)cc12)C(=O)NCC[C@@H](O)C[C@@H](O)CC(O)=O,PPI,998	MDM2	PPI
NC(=O)C[C@H](NC(=O)c1c(F)cccc1F)C(O)=O,PPI,1483	LFA	PPI
COc1cccc2[nH]cc(C(=O)C(=O)N3CCN(CC3)C(=O)c3ccccc3)c12,PPI,1262	gp120	PPI
CCNC(=O)C[C@@H]1N=C(c2ccc(Cl)cc2)c2cc(OC)ccc2-n2c(C)nnc12,PPI,1603	BRD4	PPI
CN(C)CC[C@H](CSc1ccccc1)Nc1ccc(cc1N(=O)=O)S(=O)(=O)NC(=O)c1ccc(cc1)N1CCN(Cc2ccccc2C)CC1,PPI,964	BCL-2	PPI
CC(C)(C)C[C@H]1N[C@H]([C@H](c2ccc(F)c(Cl)c2)[C@@]11C(=O)Nc2cc(Cl)c(F)cc12)C(=O)NCC[C@H](O)CO,PPI,945	MDM2	PPI
FC(F)(F)S(=O)(=O)c1cc(ccc1N[C@H](CCN1CCOCC1)CSc1ccccc1)S(=O)(=O)Nc1ncnc2CN(Cc12)C1CCN(Cc2ccccc2-c2ccc(Cl)cc2)CC1,PPI,354	BCL-2	PPI
CC(=O)NCCN1C(=O)c2ccccc2[C@]1(OCc1ccc(cc1)C(C)(C)C)c1ccccc1,PPI,701	MDM2	PPI
Cc1cccc2c(c[nH]c12)C(=O)C(=O)N1CCN(CC1)C(=O)c1ccccc1,PPI,704	gp120	PPI
COC(=O)[C@@H]1CCCN1C(=O)c1cccc(c1)-n1[nH]c2c3cnn(C)c3nc(-c3cccc(c3)C(F)(F)F)c2c1=O,PPI,916	CD80	PPI
C(Cc1c[nH]c2ccccc12)Nc1ccc2N(CCc2c1)c1ccnc2ccccc12,PPI,963	MDM2	PPI
CN(C)CCN(Cc1ccc(Cl)cc1)c1ccc2ccccc2n1,PPI,1662	FAK1	PPI
C[C@@H](N1[C@@H](c2ccc(Cl)cc2)C(=O)N(CCCCC(O)=O)c2ccc(cc2C1=O)C#C)c1ccc(Cl)cc1,PPI,1307	MDM2	PPI
CN[C@@H](C)C(=O)N[C@@H](C1CCCCC1)C(=O)N1CC[C@@H]2[C@H]1[C@H](CN2C(=O)OC)c1c[nH]c2cc(F)ccc12,PPI,735	XIAP	PPI
CN1CCN(CC1)c1ccc(OCCCc2ccc(nc2C(O)=O)N2CCc3cccc(C(=O)Nc4nc5ccccc5s4)c3C2)cc1,PPI,145	BCL-2	PPI
NC(=N)NCCC[C@@H](NC(=O)c1sccc1CS(=O)(=O)c1cccc2nsnc12)C(O)=O,PPI,1656	NRP	PPI
CC(C)(C)C[C@@H]1N[C@H]([C@H](c2ccc(F)c(Cl)c2)[C@@]1(C#N)c1ccc(Cl)cc1F)C(=O)NCC[C@H](O)CO,PPI,343	MDM2	PPI
Cc1ccc(F)c2c(c[nH]c12)C(=O)C(=O)N1CCN(CC1)C(=O)c1ccccc1,PPI,778	gp120	PPI
CNc1nc(NCc2ccc(NC(=O)c3cccc(Cl)c3)cc2)c2ccccc2n1,PPI,685	TCF-4	PPI
Cc1ccc(O[C@]2(CCCN(C2)C(=O)c2cnccc2C(F)(F)F)C(=O)N2CCN(CC2)c2ccccn2)cc1,PPI,528	MDM2	PPI
CN(C)CCCN(C)[C@H]1CCN(C1)C(=O)c1[nH]c2cc(Cl)ccc2c1-c1c(ncn1Cc1ccc(Cl)cc1)-c1ccccc1,PPI,1278	MDM2	PPI
Cn1ncc2c1nc(-c1cccc(c1)C(F)(F)F)c1c2[nH]n(-c2ccccc2F)c1=O,PPI,521	CD80	PPI
CC[C@H](N)C(=O)N[C@H]1[C@@H](COC(C)=O)CC[C@H]2CC[C@H](N2C1=O)C(=O)NC(c1ccccc1)c1ccccc1,PPI,1172	XIAP	PPI
Oc1cc(O)c2c(c1)oc(-c1ccc(O)c(O)c1)c(O)c2=O,PPI,1720	LEDGF	PPI
CCOc1cc(CNCc2ccccc2)cc(Cl)c1OCc1ccccc1Cl,PPI,1654	NRP	PPI
COc1ccc(C2=N[C@H]([C@H](N2C(=O)N2CCNC(=O)C2)c2ccc(Cl)cc2)c2ccc(Cl)cc2)c(OC(C)C)c1,PPI,1650	MDM2	PPI
CCNC(=O)C[C@@H]1N=C(c2ccc(Cl)cc2)c2cc(OC)ccc2-n2c(C)nnc12,PPI,1603	BRD2	PPI
C[C@H]1CN(CCN1)c1nc(NCc2ccc(NC(=O)c3ccc(F)cc3)cc2)c2ccc(C)cc2n1,PPI,1430	TCF-4	PPI
COc1cccc2c(CCNc3ccc(Nc4ccncc4)cc3)c[nH]c12,PPI,346	MDM2	PPI
CC(C)(C)OC(=O)N(CCc1cn(C(=O)OC(C)(C)C)c2ccccc12)c1ccc(Nc2ccncc2)cc1,PPI,433	MDM2	PPI
CNC(=O)c1nc(-c2ccccc2F)n(c1-c1cccc(Cl)c1)-c1cccc(Cl)c1,PPI,1533	MDM2	PPI
CN(C)CC[C@H](CSc1ccccc1)Nc1ccc(cc1N(=O)=O)S(=O)(=O)NC(=O)c1ccc(cc1)N1CCC(CC1)=Cc1ccccc1Cl,PPI,460	Bcl-XL	PPI
Oc1cccc2c(Nc3ccc(NCCc4c[nH]c5ccccc45)cc3)ccnc12,PPI,1549	MDM2	PPI
Cc1noc(C)c1-c1ccc(C)c(c1)S(=O)(=O)NCCCO,PPI,1628	BRD3	PPI
OC(=O)c1nc(sc1CCCOc1ccc(cc1)-c1ncccn1)N1CCc2cccc(C(=O)Nc3nc4ccccc4s3)c2C1,PPI,499	BCL-2	PPI
COc1ccc(CN2CCN(CC2)c2ccc(cc2)C(=O)NS(=O)(=O)c2ccc(N[C@H](CCN(C)C)CSc3ccccc3)c(c2)N(=O)=O)cc1,PPI,672	BCL-2	PPI
COc1ccc(Cl)c2[nH]cc(C(=O)C(=O)N3CCN(CC3)C(=O)c3ccccc3)c12,PPI,54	gp120	PPI
CC(C)(C)C[C@H]1N[C@H]([C@H](c2ccc(F)c(Cl)c2)[C@@]11C(=O)Nc2cc(Cl)c(F)cc12)C(=O)NCC[C@H](O)C(O)=O,PPI,1413	MDM2	PPI
OC[C@@H](Cc1c[nH]c2ccccc12)Nc1ccc(Nc2ccncc2)cc1,PPI,1143	MDM2	PPI
CC(C)(C)C[C@H]1N[C@H]([C@H](c2ccc(F)c(Cl)c2)[C@@]11C(=O)Nc2cc(Cl)c(F)cc12)C(=O)NC[C@H](O)[C@H](O)CO,PPI,147	MDM2	PPI
Oc1c(Cl)cc(Cl)cc1S(=O)(=O)N(Cc1ccc(F)cc1)Cc1ccc(CN(Cc2ccc(F)cc2)S(=O)(=O)c2cc(Cl)cc(Cl)c2O)cc1,PPI,12	Mcl-1	PPI
CN[C@@H](C)C(=O)N[C@H]1CCCC[C@H]2CC[C@H](N2C1=O)C(=O)N[C@@H]1CCCc2ccccc12,PPI,906	XIAP	PPI
CN[C@@H](C)C(=O)N[C@@H](C1CCOCC1)C(=O)N1CCC[C@H]1c1nc(cs1)-c1ccc(F)c2ccccc12,PPI,523	XIAP	PPI
C[C@H](O)c1cc(NC(=O)c2ccc(cc2)-n2[nH]c3c4cnn(C)c4nc(-c4cccc(c4)C(F)(F)F)c3c2=O)ccc1Cl,PPI,1289	CD80	PPI
Nc1ccc(C(=O)N[C@@H](Cc2c[nH]c3ccccc23)C(O)=O)c(Cl)c1,PPI,22	LFA	PPI
Nc1cc(Cl)ccc1CN1[C@@H](c2ccc(Cl)cc2)C(=O)N(CCCCC(O)=O)c2ccc(I)cc2C1=O,PPI,524	MDM2	PPI
Clc1cc2[nH]cc(C(=O)C(=O)N3CCN(CC3)C(=O)c3ccccc3)c2cc1Cl,PPI,559	gp120	PPI
OC(=O)c1csc(n1)-c1ccc2CCCN(C(=O)Nc3nc4ccccc4s3)c2c1,PPI,168	Bcl-w	PPI
OC(=O)[C@H](CNC(=O)c1cccs1)NC(=O)c1c(Cl)cc2CN(CCc2c1Cl)C(=O)c1ccc(Cl)cc1,PPI,369	LFA	PPI
Nc1nnc(o1)-c1nc(C2CCCCC2)n(c1-c1ccc(F)c(Cl)c1)-c1c(CC(=O)NC2(CO)CC2)ccc(Cl)c1F,PPI,1562	MDM2	PPI
N(N=C(N=Nc1ccccc1)/c1ccccc1)c1ccccc1,PPI,1701	LEDGF	PPI
COc1ccc(cc1S(=O)(=O)N1CCCCC1)-c1c(C)noc1C,PPI,1635	BRD4	PPI
Oc1ccc(C=NN2CCN(CC2)c2ccccc2)cc1O,PPI,1708	LEDGF	PPI
COc1ccc(cc1S(=O)(=O)NC1CCCC1)-c1c(C)noc1C,PPI,1609	BRD4	PPI
COc1cc(Nc2ccncc2)ccc1NCCc1c[nH]c2cc(C)ccc12,PPI,583	MDM2	PPI
Oc1ccccc1C=NNC(=O)c1cnccn1,PPI,1684	LEDGF	PPI
CN(C)CC[C@H](CSc1ccccc1)Nc1ccc(cc1N(=O)=O)S(=O)(=O)NC(=O)c1ccc(cc1)N1CCC(CC1)=Cc1ccccc1C#N,PPI,1598	BCL-2	PPI
OC[C@H]1[C@@H]2Cn3c(cccc3=O)[C@@H]2N(Cc2ccc(Oc3ccccc3)cc2)[C@@H]1C(=O)N1CCC(Cc2ccccc2)CC1,PPI,360	BCL-2	PPI
COc1cc2c3n([C@H](C)c4ccccn4)c(=O)[nH]c3cnc2cc1-c1c(C)noc1C,PPI,1604	BRD4	PPI
CC(C)[C@H](NC(=O)[C@H](C)N)C(=O)N1CCC[C@H]1C(=O)NCC1CC1,PPI,102	XIAP	PPI
Clc1cccc2[nH]cc(CCNc3ccc(Nc4ccncc4)cc3)c12,PPI,484	MDM2	PPI
O[C@@H]1C[C@H](N(C1)c1cc(ccn1)-c1ccc(Sc2ccc3OCCOc3c2)c(c1)C(F)(F)F)C(O)=O,PPI,1384	LFA	PPI
C[C@H]1C[C@H](C)CN(C1)c1cc(Nc2ccccc2C(O)=O)c2C(=O)c3ccccc3-c3onc1c23,PPI,1732	uPAR	PPI
CC(C)C1=C(SC2=N[C@](C)([C@H](N12)c1ccc(Cl)cc1)c1ccc(Cl)cc1)C(=O)N1[C@H](C)CC[C@H]1C(=O)N1CCN(C)C(C)(C)C1,PPI,201	MDM2	PPI
C[C@@H](Oc1cccc2nccnc12)C(=O)N1CCN(C[C@H]1C)C(=O)c1ccccc1,PPI,1286	gp120	PPI
Cc1noc(C)c1-c1ccc(C)c(c1)S(=O)(=O)Nc1cccc(Cl)c1,PPI,1615	BRD3	PPI
CCCN1CCC(CC1)Nc1cccc(Sc2ccc(\\C=C\\C(=O)N3CCOCC3)c(c2C(F)(F)F)C(F)(F)F)c1,PPI,1390	LFA	PPI
Cc1ccc2n(cc(C(=O)NC[C@H](NC(=O)c3c(Cl)cc4CN(CCc4c3Cl)C(=O)c3ccc(Cl)cc3)C(O)=O)c2c1)S(C)(=O)=O,PPI,160	LFA	PPI
COc1ccc(cc1S(=O)(=O)N1CCCCC1)-c1c(C)noc1C,PPI,1635	BRD4	PPI
CC[C@H](N)C(=O)N[C@H]1[C@@H](CN=[N+]=[N-])CC[C@H]2CC[C@H](N2C1=O)C(=O)NC(c1ccccc1)c1ccccc1,PPI,35	XIAP	PPI
C[C@H](N)c1ccc(o1)C(=O)N1C[C@H](C[C@H]1CN1CC[C@@H](C1)c1ccccc1)c1ccccc1,PPI,1418	XIAP	PPI
Cc1ccc(Cl)cc1-n1c(nc(-c2nn[nH]n2)c1-c1ccc(F)c(Cl)c1)C1CCCCC1,PPI,1537	MDM2	PPI
CCOc1cc(ccc1C1=N[C@H]([C@@H](N1C(=O)N1CCC(CC1)C(=O)OC)c1ccc(Cl)cc1)c1ccc(Cl)cc1)C(F)(F)F,PPI,511	MDM2	PPI
CC(=O)N1[C@H](CC(C)(C)C)[C@@]2([C@H]([C@@H]1C(=O)NCC[C@H](O)CO)c1ccc(F)c(Cl)c1)C(=O)Nc1cc(Cl)c(F)cc21,PPI,706	MDM2	PPI
OC(=O)[C@H]1CC[C@@H](CC1)COc1cccc(c1)Sc1ccc(\\C=C\\C(=O)N2CCOCC2)c(C(F)(F)F)c1C(F)(F)F,PPI,157	LFA	PPI
CC(C)c1cc(C(=O)c2ccc(Oc3ccccc3)cc2)c(O)c(O)c1O,PPI,974	Mcl-1	PPI
Cc1c(Br)c(nn1-c1ccccc1C(=O)N1Cc2ccccc2C[C@H]1CO)C(=O)N(c1ccccc1)c1ccccc1,PPI,794	Bcl-XL	PPI
CN[C@@H](C)C(=O)N[C@@H](C1CCCCC1)C(=O)N1CC[C@@H]2[C@H]1[C@H](CN2c1nccc(Cl)n1)c1c[nH]c2cc(F)ccc12,PPI,942	XIAP	PPI
COc1ccc(cc1S(=O)(=O)N1CCOCC1)-c1c(C)noc1C,PPI,1638	BRD2	PPI
CN[C@@H](C)C(=O)N[C@@H](C1CCCCC1)C(=O)N1CCC[C@H]1c1nc2c(cccc2s1)-c1ccccc1F,PPI,150	XIAP	PPI
CN[C@@H](C)C(=O)N[C@@H](C1CCCCC1)C(=O)N1CCC[C@H]1c1nc2c(cccc2s1)-c1ccccc1,PPI,371	XIAP	PPI
CN1C(=O)N(C(=O)[C@]11CN(C[C@H]1c1ccc(cc1)C#N)c1ccc(nn1)C(O)=O)c1cc(Cl)cc(Cl)c1,PPI,1355	LFA	PPI
CC[C@H](NC)C(=O)N[C@H]1[C@@H](CNCc2ccccc2)CC[C@H]2CC[C@H](N2C1=O)C(=O)NC(c1ccccc1)c1ccccc1,PPI,32	XIAP	PPI
COc1cccc2[nH]cc(C(=O)C(=O)N3CCN(CC3)C(=O)c3ccccc3)c12,PPI,1262	gp120	PPI
CCC\\C(=C1\\SC(=S)N(C1=O)[C@H](C(O)=O)Cc1ccccc1)c1ccccc1,PPI,64	BCL-2	PPI
O=C(O)[C@H](Cc1ccccc1)N1C(=S)S\\C(=C/c2ccc(OCOc3ccc(cc3)\\C=C3/SC(=S)N(C3=O)[C@H](C(=O)O)Cc3ccccc3)cc2)C1=O,PPI,958	BCL-2	PPI
CC1(C)CCC(=C(CN2CCN(CC2)c2ccc(cc2)C(=O)NS(=O)(=O)c2ccc(N[C@H](CCN3CCOCC3)CSc3ccccc3)c(c2)S(=O)(=O)C(F)(F)F)C1)c1ccc(Cl)cc1,PPI,383	Bcl-w	PPI
CC[C@H](N)C(=O)N[C@H]1[C@@H](CN=[N+]=[N-])CC[C@H]2CC[C@H](N2C1=O)C(=O)NC(c1ccccc1)c1ccccc1,PPI,35	XIAP	PPI
CNC(=O)[C@H](Cc1ccc2ccccc2c1)N1CCC(=O)N(CCc2cnc3ccccc3c2)[C@@H](CC(C)C)C1=O,PPI,1332	LFA	PPI
Oc1cc(cc(O)n1)C(=O)NCc1cccc(CN(Cc2ccc(F)cc2)S(=O)(=O)c2cc(Cl)cc(Cl)c2O)c1,PPI,1442	BCL-2	PPI
Cc1noc(C)c1-c1ccc(C)c(c1)S(N)(=O)=O,PPI,1630	BRD4	PPI
COc1ccc(C2=N[C@H]([C@H](N2C(=O)N2CCNC(=O)C2)c2ccc(Cl)cc2)c2ccc(Cl)cc2)c(OC(C)C)c1,PPI,1650	MDM2	PPI
CC(C)(C)Cc1nc(C(O)=O)c(-c2ccc(F)c(Cl)c2)n1-c1cccc(Cl)c1F,PPI,1545	MDM2	PPI
C[C@@H](N1[C@@H](c2ccc(Cl)cc2)C(=O)N(CCCCC(O)=O)c2ccc(I)cc2C1=O)c1ccc(Cl)cc1N,PPI,88	MDM2	PPI
FC(F)(F)c1c(Sc2cccc(OC3CCOCC3)c2)ccc(\\C=C\\C(=O)N2CCOCC2)c1C(F)(F)F,PPI,351	LFA	PPI
CCNC(=O)C[C@@H]1N=C(c2ccc(Cl)cc2)c2cc(OC)ccc2-n2c(C)nnc12,PPI,1603	BRD2	PPI
CN1c2ncnn2[C@H](C2=C1c1ccc(Cl)cc1O[C@@H]2c1ccc(Br)cc1)c1ccc(Br)cc1,PPI,1440	MDM2	PPI
Oc1c(Cl)cc(Cl)cc1S(=O)(=O)N(Cc1ccc(cc1)-c1ccccc1)Cc1cccc(CNS(=O)(=O)c2ccc(cc2)C#N)c1,PPI,374	Mcl-1	PPI
CN(C)CC[C@H](CSc1ccccc1)Nc1ccc(cc1N(=O)=O)S(=O)(=O)NC(=O)c1ccc(cc1)N1CCN(CC1)C(c1ccccc1)c1ccccc1,PPI,546	BCL-2	PPI
OCc1cc(Nc2ccc3N(CCc4c[nH]c5ccccc45)CCOc3c2)ccn1,PPI,1465	MDM2	PPI
CC(C)(C)C[C@H]1N[C@H]([C@H](c2cccc(Cl)c2)[C@]11C(=O)Nc2cc(Cl)ccc12)C(=O)NCC[C@H](O)CO,PPI,178	MDM2	PPI
OC[C@@H]1[C@H]2Cn3c(cccc3=O)[C@H]2N(CC2CCCCC2)[C@H]1C(=O)NC1Cc2ccccc2C1,PPI,1192	BCL-2	PPI
COC(=O)c1cccc(c1)-n1[nH]c2c3cnn(C)c3nc(-c3cccc(c3)C(F)(F)F)c2c1=O,PPI,1482	CD80	PPI
CCC[C@H]1N[C@H]([C@H](c2cccc(Cl)c2)[C@@]11C(=O)Nc2cc(Cl)ccc12)C(=O)N(C)C,PPI,488	MDM2	PPI
CCCCNC(=O)c1ccc(CN(Cc2ccc(F)cc2)S(=O)(=O)c2cc(Cl)cc(Cl)c2O)cc1,PPI,784	Mcl-1	PPI
OC(=O)[C@@H](N1[C@@H](c2ccc(Cl)cc2)C(=O)Nc2ccc(I)cc2C1=O)c1ccc(Cl)cc1,PPI,1292	MDM2	PPI
CC(=O)NCCN1C(=O)c2ccccc2[C@]1(OCc1ccc(cc1)C(C)(C)C)c1ccccc1,PPI,701	MDM2	PPI
CN1CCC(CCNC(=O)[C@@H]2N[C@H](CC(C)(C)C)[C@]3([C@H]2c2cccc(Cl)c2F)C(=O)Nc2cc(Cl)ccc32)CC1,PPI,1245	MDM2	PPI
Oc1ccc(cc1O)-c1cc(=O)c2c(O)cc(cc2o1)N1CCOCC1,PPI,1725	LEDGF	PPI
COc1ccccc1Sc1ccc(cc1C(F)(F)F)-c1ccnc(c1)N1CCC[C@H]1C(O)=O,PPI,1287	LFA	PPI
Cn1ncc2c1nc(-c1cccc(c1)C(F)(F)F)c1c2[nH]n(-c2ccc(C(=O)Nc3ccc(CCO)cc3)c(F)c2)c1=O,PPI,76	CD80	PPI
COc1ccccc1NS(=O)(=O)c1cc(ccc1C)-c1c(C)noc1C,PPI,1617	BRD3	PPI
C(Cc1coc2ccccc12)Nc1ccc(Nc2ccncc2)cc1,PPI,1357	MDM2	PPI
COc1ccc(NS(=O)(=O)c2cc(ccc2C)-c2c(C)noc2C)cc1,PPI,1621	BRD2	PPI
CN(C)Cc1ccc2c(NCc3ccc(NC(=O)c4ccc(F)cc4)cc3)nc(nc2c1)N(C)C,PPI,1076	TCF-4	PPI
CN1C(=O)N(C(=O)[C@]11CN(C[C@H]1c1ccc(cc1)C#N)c1cc(ncn1)C(O)=O)c1cc(Cl)cc(Cl)c1,PPI,47	LFA	PPI
CC(C)N(Cc1ccccc1)C(=O)c1ccc(CN(Cc2ccc(F)cc2)S(=O)(=O)c2cc(Cl)cc(Cl)c2O)cc1,PPI,1027	Mcl-1	PPI
CN[C@@H](C)C(=O)N[C@@H](C1CCCCC1)C(=O)N1CCC[C@H]1c1nc2c(ccnc2s1)-c1ccccc1,PPI,668	XIAP	PPI
COc1cccc2[nH]cc(C(=O)C(=O)N3CCN(C[C@@H]3C)C(=O)c3ccccc3)c12,PPI,1329	gp120	PPI
Cc1cccc(c1)C(=O)N1CCc2c(C)c(C(=O)N[C@@H](CNC(=O)c3cccs3)C(O)=O)c(C)cc2C1,PPI,1426	LFA	PPI
Cc1noc(C)c1-c1ccc(C)c(c1)S(=O)(=O)NC(C)(C)C,PPI,1629	BRD4	PPI
CCN(CC)C(=O)[C@H]1CCCN(C1)c1cc(ncn1)-c1ccc(Sc2ccccc2C(C)C)c(c1)C(F)(F)F,PPI,908	LFA	PPI
Cc1noc(C)c1-c1ccc(C)c(c1)S(=O)(=O)NCCCc1ccccc1,PPI,1626	BRD3	PPI
CN(C)CC[C@H](CSc1ccccc1)Nc1ccc(cc1N(=O)=O)S(=O)(=O)NC(=O)c1ccc(cc1)N1CCN(Cc2ccccc2-c2cccnc2)CC1,PPI,1212	BCL-2	PPI
CN(C)CC[C@H](CSc1ccccc1)Nc1ccc(cc1N(=O)=O)S(=O)(=O)NC(=O)c1ccc(cc1)N1CCC(C)(C)CC1,PPI,770	Bcl-XL	PPI
CCC[C@H]1N[C@H]([C@H](c2cccc(Cl)c2)[C@@]11C(=O)Nc2cc(Cl)ccc12)C(=O)N(C)C,PPI,488	MDM2	PPI
CCOc1ccsc1C1=N[C@H]([C@H](N1C(=O)N1CCN(CC(=O)NC(C)(C)C)CC1)c1ccc(Cl)cc1)c1ccc(Cl)cc1,PPI,93	MDM2	PPI
Fc1c(F)c(F)c2c(c[nH]c2c1F)C(=O)C(=O)N1CCN(CC1)C(=O)c1ccccc1,PPI,889	gp120	PPI
Cn1ncc2c1nc(-c1cccc(c1)C(F)(F)F)c1c2[nH]n(-c2ccc(CO)cc2)c1=O,PPI,1009	CD80	PPI
Oc1cccc2[nH]cc(C(=O)C(=O)N3CCN(CC3)C(=O)c3ccccc3)c12,PPI,1096	gp120	PPI
C[C@H](N)C(=O)N[C@H]1CC[C@H]2CC[C@H](N2C1=O)C(=O)NCCc1ccccc1,PPI,576	XIAP	PPI
CN1CCN(Cc2ccc(Cl)cc2-c2c(nc(-c3ccccc3)n2-c2cccc(Cl)c2F)C(N)=O)CC1,PPI,1361	MDM2	PPI
N#Cc1ccc2nccc(Nc3ccc(NCCc4c[nH]c5ccccc45)cc3)c2c1,PPI,655	MDM2	PPI
Cc1nnc2[C@H](CC(=O)OC(C)(C)C)N=C(c3c(C)c(C)sc3-n12)c1ccc(Cl)cc1,PPI,1602	BRDT	PPI
O=C(O)[C@@H]1CC[C@@H](CC1)Nc1cccc(c1)Sc1ccc(\\C=C\\C(=O)N2CCOCC2)c(C(F)(F)F)c1C(F)(F)F,PPI,946	LFA	PPI
Oc1c(Cl)cc(Cl)cc1S(=O)(=O)N(Cc1ccc(F)cc1)Cc1cccc(c1)S(=O)(=O)N(Cc1ccc(F)cc1)Cc1cc(Cl)cc(Cl)c1,PPI,1425	BCL-2	PPI
Cc1noc(C)c1-c1ccc(C)c(c1)S(=O)(=O)NC1CCCCC1,PPI,1610	BRD4	PPI
OC[C@@H]1[C@H]2Cn3c(cccc3=O)[C@H]2N(CC2CCCCC2)[C@H]1C(=O)N[C@@H]1CCN(Cc2ccccc2)C1,PPI,293	BCL-2	PPI
CNC(=O)[C@H](Cc1ccc2ccccc2c1)N1CCC(=O)N(Cc2cccc(O)c2)[C@@H](CC(C)C)C1=O,PPI,1479	LFA	PPI
C[C@@H](N1[C@@H](c2ccc(Cl)cc2)C(=O)N(CCN2CCOCC2)c2ccc(I)cc2C1=O)c1cc(O)c(Cl)cc1N,PPI,759	MDM2	PPI
Cc1nnc(o1)-c1nc(C2CCCCC2)n(c1-c1ccc(F)c(Cl)c1)-c1cccc(Cl)c1F,PPI,884	MDM2	PPI
C[C@@H](CNC(=O)c1c(O)c(O)cc2c(O)c(c(C)cc12)-c1c(C)cc2c(C(=O)NC[C@H](C)c3ccccc3)c(O)c(O)cc2c1O)c1ccccc1,PPI,1066	BFL-1	PPI
COc1ccccc1NS(=O)(=O)c1cc(ccc1C)-c1c(C)noc1C,PPI,1617	BRD3	PPI
O[C@H]1CCCN(C1)[C@@]1(Cc2cccc(Cl)c2)C(=O)Nc2cc(Cl)ccc12,PPI,899	MDM2	PPI
COc1ccccc1N1CCN([C@@H](C1)C(=O)NCCO)C(=O)[C@@]1(CCCN(C1)C(=O)c1cnccc1C(F)(F)F)Oc1ccc(cc1)C(F)(F)F,PPI,459	MDM2	PPI
CC(C)(C)C[C@H]1N[C@H]([C@H](c2ccc(F)c(Cl)c2)[C@@]11C(=O)Nc2cc(Cl)c(F)cc12)C(=O)NCC[C@H]1CC[C@@H](O)C1,PPI,995	MDM2	PPI
Cc1noc(C)c1-c1ccc(C)c(c1)S(=O)(=O)Nc1ccccc1,PPI,1611	BRD4	PPI
CC[C@H](N)C(=O)N[C@H]1CCCC[C@H]2CC[C@H](N2C1=O)C(=O)NC(c1ccccc1)c1ccccc1,PPI,646	XIAP	PPI
O[C@](C1CCN(CCCOc2ccc(cc2)C#N)CC1)(c1cccc(F)c1)c1ccccn1,PPI,1753	Menin	PPI
CN(C)CCN(Cc1ccc(Cl)cc1)c1ccc2ccccc2n1,PPI,1662	FAK1	PPI
COC(=O)[C@H](Cc1ccc2ccccc2c1)N1CC[C@@H](C)N([C@@H](CC(C)C)C1=O)C(=O)Cc1ccc2ncccc2c1,PPI,1492	LFA	PPI
CC[C@H](NC)C(=O)N[C@H]1[C@@H](CO)CC[C@H]2CC[C@H](N2C1=O)C(=O)NC(c1ccccc1)c1ccccc1,PPI,1406	XIAP	PPI
C(Cc1c[nH]c2ccccc12)Nc1ccc(Nc2ccnc3ccccc23)cc1,PPI,1526	MDM2	PPI
Oc1ccc2ccccc2c1C=NNC(=O)c1n[nH]c2CCCc12,PPI,1688	LEDGF	PPI
CN1CCN(CCNC(=O)[C@@H]2N[C@H](CC(C)(C)C)[C@]3([C@H]2c2cccc(Cl)c2F)C(=O)Nc2cc(Cl)ccc32)CC1,PPI,443	MDM2	PPI
Cc1noc(C)c1-c1ccc(C)c(c1)S(=O)(=O)Nc1cccc(Cl)c1,PPI,1615	BRD2	PPI
CN(C)CC[C@H](COCc1ccccc1)Nc1ccc(cc1S(=O)(=O)C(F)(F)F)S(=O)(=O)Nc1ncnc2CN(CCc12)C1CCN(Cc2ccccc2-c2ccc(Cl)cc2)CC1,PPI,458	BCL-2	PPI
FC(F)(F)c1ccc(O[C@]2(CCCN(C2)C(=O)c2cnccc2C(F)(F)F)C(=O)N2CCN(CC2)c2ccccc2NC(=O)C[C@@H]2NC(=O)NC2=O)cc1,PPI,81	MDM2	PPI
Cc1noc(C)c1-c1ccc(C)c(c1)S(=O)(=O)NC1CCNCC1,PPI,1640	BRD3	PPI
Cc1noc(C)c1-c1ccc(C)c(c1)S(N)(=O)=O,PPI,1630	BRD3	PPI
Cc1noc(C)c1-c1ccc(C)c(c1)S(N)(=O)=O,PPI,1630	BRD3	PPI
